,mean_fit_time,mean_score_time,mean_test_score,mean_train_score,param_NN__alpha,param_NN__hidden_layer_sizes,param_ica__n_components,params,rank_test_score,split0_test_score,split0_train_score,split1_test_score,split1_train_score,split2_test_score,split2_train_score,split3_test_score,split3_train_score,split4_test_score,split4_train_score,std_fit_time,std_score_time,std_test_score,std_train_score
0,0.08899993896484375,0.0004000663757324219,0.9096091205211726,0.9092013404664483,1,"(15,)",3,"{'NN__hidden_layer_sizes': (15,), 'ica__n_components': 3, 'NN__alpha': 1}",142,0.9105691056910569,0.909877800407332,0.9166666666666666,0.9063136456211812,0.9103869653767821,0.9073791348600508,0.9022403258655805,0.9094147582697201,0.9081632653061225,0.9130213631739573,0.013114882720689596,0.0004899792418945042,0.004642851807525069,0.00231321998468052
1,0.12499995231628418,0.0005999565124511719,0.9189739413680782,0.9228420910910087,1,"(15,)",5,"{'NN__hidden_layer_sizes': (15,), 'ica__n_components': 5, 'NN__alpha': 1}",133,0.9166666666666666,0.9226069246435845,0.9308943089430894,0.9220977596741344,0.9103869653767821,0.9241730279898219,0.9226069246435845,0.9241730279898219,0.9142857142857143,0.9211597151576806,0.031855959350660615,0.0004898624411217046,0.00716217676290714,0.0011817366334701627
2,0.13839998245239257,0.0006000518798828125,0.9185667752442996,0.9211118108764721,1,"(15,)",10,"{'NN__hidden_layer_sizes': (15,), 'ica__n_components': 10, 'NN__alpha': 1}",134,0.9085365853658537,0.9236252545824847,0.926829268292683,0.9180244399185336,0.9144602851323829,0.9251908396946565,0.9144602851323829,0.9206106870229007,0.9285714285714286,0.9181078331637843,0.023482793770162602,0.0004899403160383116,0.007780872567204368,0.002890077577150448
3,0.15539999008178712,0.0006000041961669922,0.9385179153094463,0.9417752565523541,1,"(15,)",15,"{'NN__hidden_layer_sizes': (15,), 'ica__n_components': 15, 'NN__alpha': 1}",95,0.926829268292683,0.9434826883910387,0.9471544715447154,0.939918533604888,0.9348268839103869,0.9399491094147583,0.9389002036659878,0.9440203562340967,0.9448979591836735,0.9415055951169888,0.01828228803181538,0.0004899013824479931,0.007292850453322518,0.0017210895866418229
4,0.14500007629394532,0.00039997100830078123,0.9364820846905537,0.9411645177060468,1,"(15,)",17,"{'NN__hidden_layer_sizes': (15,), 'ica__n_components': 17, 'NN__alpha': 1}",107,0.926829268292683,0.9434826883910387,0.943089430894309,0.9394093686354379,0.9368635437881874,0.9430025445292621,0.9327902240325866,0.9384223918575063,0.9428571428571428,0.9415055951169888,0.020552348813444317,0.0004898624411217046,0.006186575174854817,0.001973240692726704
5,0.1427999973297119,0.0,0.9401465798045603,0.9435052258264512,1,"(15,)",20,"{'NN__hidden_layer_sizes': (15,), 'ica__n_components': 20, 'NN__alpha': 1}",80,0.9288617886178862,0.9434826883910387,0.9512195121951219,0.939918533604888,0.9429735234215886,0.9470737913486005,0.9348268839103869,0.9424936386768448,0.9428571428571428,0.944557477110885,0.018280094569317375,0.0,0.007667706829491193,0.002354997674772998
6,0.18420000076293946,0.0009999752044677734,0.9405537459283387,0.9440147532961491,1,"(15,)",24,"{'NN__hidden_layer_sizes': (15,), 'ica__n_components': 24, 'NN__alpha': 1}",76,0.9349593495934959,0.945010183299389,0.9512195121951219,0.9419551934826884,0.9307535641547862,0.9470737913486005,0.9409368635437881,0.9440203562340967,0.9448979591836735,0.9420142421159715,0.025388228054067423,9.536743164062499e-08,0.007214836772531443,0.0019283390623978523
7,0.17080001831054686,0.0007999420166015625,0.9393322475570033,0.9451340873180326,1,"(15,)",26,"{'NN__hidden_layer_sizes': (15,), 'ica__n_components': 26, 'NN__alpha': 1}",89,0.9390243902439024,0.945010183299389,0.9471544715447154,0.9419551934826884,0.9307535641547862,0.9480916030534351,0.9368635437881874,0.9460559796437659,0.9428571428571428,0.944557477110885,0.018819113037283383,0.0003999710083007813,0.005539533658202224,0.0020024975574822234
8,0.16000003814697267,0.00019998550415039061,0.9413680781758957,0.9458465555641367,1,"(15,)",28,"{'NN__hidden_layer_sizes': (15,), 'ica__n_components': 28, 'NN__alpha': 1}",58,0.9410569105691057,0.945010183299389,0.9532520325203252,0.9424643584521385,0.9307535641547862,0.9496183206106871,0.9409368635437881,0.9470737913486005,0.9408163265306122,0.9450661241098678,0.02841123693357084,0.0003999710083007812,0.007136763374571051,0.0023866364767809955
9,0.19580001831054689,0.0006000041961669922,0.9413680781758957,0.9463557723042735,1,"(15,)",30,"{'NN__hidden_layer_sizes': (15,), 'ica__n_components': 30, 'NN__alpha': 1}",58,0.9369918699186992,0.9460285132382892,0.9532520325203252,0.9439918533604889,0.9327902240325866,0.9491094147582697,0.9409368635437881,0.9480916030534351,0.9428571428571428,0.944557477110885,0.08162693232316405,0.0004899013824479931,0.006878781342001456,0.001976093723779426
10,0.11319990158081054,0.00040001869201660155,0.9096091205211726,0.9090996628900584,1,"(30,)",3,"{'NN__hidden_layer_sizes': (30,), 'ica__n_components': 3, 'NN__alpha': 1}",142,0.9105691056910569,0.909877800407332,0.9166666666666666,0.9068228105906314,0.9103869653767821,0.9068702290076336,0.9022403258655805,0.9094147582697201,0.9081632653061225,0.9125127161749745,0.02423549974914619,0.0004899208473093903,0.004642851807525069,0.0021217043926645123
11,0.16560006141662598,0.00039997100830078123,0.9197882736156352,0.9228418839028215,1,"(30,)",5,"{'NN__hidden_layer_sizes': (30,), 'ica__n_components': 5, 'NN__alpha': 1}",130,0.9166666666666666,0.9220977596741344,0.9308943089430894,0.9215885947046843,0.9103869653767821,0.9241730279898219,0.9226069246435845,0.9241730279898219,0.9183673469387755,0.9221770091556459,0.0185752414159945,0.0004898624411217046,0.0068060190325701505,0.001105477478018486
12,0.17739996910095215,0.0006000518798828125,0.9185667752442996,0.9211118108764721,1,"(30,)",10,"{'NN__hidden_layer_sizes': (30,), 'ica__n_components': 10, 'NN__alpha': 1}",134,0.9085365853658537,0.9236252545824847,0.926829268292683,0.9180244399185336,0.9124236252545825,0.9246819338422392,0.9164969450101833,0.9211195928753181,0.9285714285714286,0.9181078331637843,0.04284201710261457,0.0004899403160383116,0.00788672908897419,0.002742953858297481
13,0.20520005226135254,0.0009999275207519531,0.9389250814332247,0.9419787153519472,1,"(30,)",15,"{'NN__hidden_layer_sizes': (30,), 'ica__n_components': 15, 'NN__alpha': 1}",92,0.926829268292683,0.9434826883910387,0.9471544715447154,0.939918533604888,0.9368635437881874,0.9399491094147583,0.9389002036659878,0.9440203562340967,0.9448979591836735,0.9425228891149542,0.033126371832378355,0.0,0.0071304569625707265,0.0017372395672164537
14,0.19920001029968262,0.0005999565124511719,0.9364820846905537,0.9412662988238105,1,"(30,)",17,"{'NN__hidden_layer_sizes': (30,), 'ica__n_components': 17, 'NN__alpha': 1}",107,0.926829268292683,0.9429735234215886,0.943089430894309,0.9394093686354379,0.9389002036659878,0.9435114503816794,0.9327902240325866,0.9394402035623409,0.9408163265306122,0.940996948118006,0.023198303335001644,0.0004898624411217046,0.005920569362339096,0.0017210859813634018
15,0.15880002975463867,0.0005999565124511719,0.9385179153094463,0.9429964752860949,1,"(30,)",20,"{'NN__hidden_layer_sizes': (30,), 'ica__n_components': 20, 'NN__alpha': 1}",95,0.9288617886178862,0.9439918533604889,0.9491869918699187,0.9394093686354379,0.9389002036659878,0.9470737913486005,0.9327902240325866,0.9414758269720102,0.9428571428571428,0.943031536113937,0.041082349351809766,0.0004898624411217046,0.007199017935914376,0.00256110204656182
16,0.24639997482299805,0.0008000373840332031,0.9405537459283387,0.9442183156371161,1,"(30,)",24,"{'NN__hidden_layer_sizes': (30,), 'ica__n_components': 24, 'NN__alpha': 1}",76,0.9349593495934959,0.945010183299389,0.9512195121951219,0.9419551934826884,0.9307535641547862,0.9480916030534351,0.9409368635437881,0.9440203562340967,0.9448979591836735,0.9420142421159715,0.05137554499363747,0.000400018706226792,0.007214836772531443,0.002264873493230231
17,0.22639994621276854,0.0007999420166015625,0.9389250814332247,0.9452357648944227,1,"(30,)",26,"{'NN__hidden_layer_sizes': (30,), 'ica__n_components': 26, 'NN__alpha': 1}",92,0.9369918699186992,0.9445010183299389,0.9471544715447154,0.9419551934826884,0.9307535641547862,0.9486005089058525,0.9368635437881874,0.9460559796437659,0.9428571428571428,0.9450661241098678,0.03166451040966603,0.00039997100830078123,0.005621291707252059,0.0021598626713189837
18,0.2191999912261963,0.0006000041961669922,0.9401465798045603,0.9460502733753232,1,"(30,)",28,"{'NN__hidden_layer_sizes': (30,), 'ica__n_components': 28, 'NN__alpha': 1}",80,0.9390243902439024,0.9455193482688391,0.9512195121951219,0.9434826883910387,0.9307535641547862,0.9496183206106871,0.9389002036659878,0.9465648854961832,0.9408163265306122,0.9450661241098678,0.033426908161606,0.0004899013824479931,0.006546204815918491,0.0020415048667901258
19,0.26579999923706055,0.0004000663757324219,0.9413680781758957,0.9463559794924606,1,"(30,)",30,"{'NN__hidden_layer_sizes': (30,), 'ica__n_components': 30, 'NN__alpha': 1}",58,0.9369918699186992,0.9465376782077393,0.9532520325203252,0.9445010183299389,0.9327902240325866,0.9501272264631043,0.9409368635437881,0.9470737913486005,0.9428571428571428,0.9435401831129197,0.06727374893557095,0.0004899792418945042,0.006878781342001456,0.0022864891061642086
20,2.684999942779541,0.0007999897003173828,0.9108306188925082,0.9080810221688778,1,"(60, 60)",3,"{'NN__hidden_layer_sizes': (60, 60), 'ica__n_components': 3, 'NN__alpha': 1}",138,0.9126016260162602,0.9058044806517311,0.9166666666666666,0.9042769857433809,0.9083503054989817,0.9068702290076336,0.9063136456211812,0.9094147582697201,0.9102040816326531,0.9140386571719227,0.6045768846352707,0.0003999948608169695,0.0035830791014883332,0.0034173563262062953
21,2.571600008010864,0.0013999462127685547,0.9218241042345277,0.9235545594425518,1,"(60, 60)",5,"{'NN__hidden_layer_sizes': (60, 60), 'ica__n_components': 5, 'NN__alpha': 1}",123,0.9227642276422764,0.9256619144602851,0.926829268292683,0.9205702647657841,0.9185336048879837,0.926208651399491,0.9205702647657841,0.92264631043257,0.9204081632653062,0.9226856561546287,0.664394094759818,0.0004898235152673564,0.0028415552465510126,0.0020962382112887897
22,2.785000038146973,0.0008000373840332031,0.9356677524429967,0.9391314313236349,1,"(60, 60)",10,"{'NN__hidden_layer_sizes': (60, 60), 'ica__n_components': 10, 'NN__alpha': 1}",111,0.9349593495934959,0.9470468431771895,0.943089430894309,0.9383910386965377,0.9368635437881874,0.9414758269720102,0.9409368635437881,0.9496183206106871,0.9224489795918367,0.9191251271617498,0.7516297009616624,0.000400018706226792,0.007199504294019307,0.010760345441913328
23,3.150000047683716,0.0007999897003173828,0.9381107491856677,0.946558298651586,1,"(60, 60)",15,"{'NN__hidden_layer_sizes': (60, 60), 'ica__n_components': 15, 'NN__alpha': 1}",102,0.9288617886178862,0.9439918533604889,0.943089430894309,0.9404276985743381,0.9409368635437881,0.9470737913486005,0.9409368635437881,0.9521628498727736,0.936734693877551,0.9491353001017294,1.1455122810438136,0.0003999948608169695,0.005066882229306876,0.00406173761646364
24,2.7655999660491943,0.0010000228881835937,0.9421824104234527,0.9462538879087342,1,"(60, 60)",17,"{'NN__hidden_layer_sizes': (60, 60), 'ica__n_components': 17, 'NN__alpha': 1}",45,0.943089430894309,0.9501018329938901,0.9491869918699187,0.9429735234215886,0.9409368635437881,0.9435114503816794,0.9348268839103869,0.9460559796437659,0.9428571428571428,0.9486266531027467,0.7873876915563544,1.1680077279964342e-07,0.004605534591770172,0.002784155831987857
25,3.8802000522613525,0.0009999275207519531,0.9417752442996743,0.9531750604321285,1,"(60, 60)",20,"{'NN__hidden_layer_sizes': (60, 60), 'ica__n_components': 20, 'NN__alpha': 1}",50,0.9349593495934959,0.9511201629327902,0.9512195121951219,0.9531568228105907,0.9368635437881874,0.9501272264631043,0.9348268839103869,0.9521628498727736,0.9510204081632653,0.9593082400813835,1.4056797860460397,0.0,0.007661733797105816,0.0032296343778474034
26,2.483600044250488,0.0010000228881835937,0.9421824104234527,0.9457456034627189,1,"(60, 60)",24,"{'NN__hidden_layer_sizes': (60, 60), 'ica__n_components': 24, 'NN__alpha': 1}",45,0.9390243902439024,0.9531568228105907,0.9552845528455285,0.9414460285132383,0.9348268839103869,0.9465648854961832,0.9409368635437881,0.9435114503816794,0.9408163265306122,0.9440488301119023,0.3627310171545552,1.1680077279964343e-07,0.00691995923977375,0.004048560727280418
27,2.6934000492095946,0.0009999752044677734,0.9425895765472313,0.9452353503071702,1,"(60, 60)",26,"{'NN__hidden_layer_sizes': (60, 60), 'ica__n_components': 26, 'NN__alpha': 1}",42,0.9349593495934959,0.9439918533604889,0.9552845528455285,0.9383910386965377,0.9409368635437881,0.9552162849872774,0.9409368635437881,0.9435114503816794,0.9408163265306122,0.9450661241098678,0.5400587215272119,9.536743164062499e-08,0.006757773562155157,0.005495642121306145
28,2.335199975967407,0.0014000415802001953,0.9421824104234527,0.9487973294591988,1,"(60, 60)",28,"{'NN__hidden_layer_sizes': (60, 60), 'ica__n_components': 28, 'NN__alpha': 1}",45,0.9349593495934959,0.9445010183299389,0.9573170731707317,0.9434826883910387,0.9348268839103869,0.9496183206106871,0.9389002036659878,0.9521628498727736,0.9448979591836735,0.9542217700915565,0.3077716055949519,0.0004898429878647236,0.008413026570484296,0.004198309405028654
29,4.462600040435791,0.0009999752044677734,0.9478827361563518,0.9561299776164534,1,"(60, 60)",30,"{'NN__hidden_layer_sizes': (60, 60), 'ica__n_components': 30, 'NN__alpha': 1}",18,0.943089430894309,0.9546843177189409,0.9613821138211383,0.9658859470468432,0.945010183299389,0.9608142493638677,0.9470468431771895,0.9557251908396946,0.9428571428571428,0.9435401831129197,0.8833346858893473,9.536743164062499e-08,0.006923650889890659,0.007454905121400898
30,0.41479997634887694,0.0006000518798828125,0.9096091205211726,0.9092010296841678,1,"(15, 15)",3,"{'NN__hidden_layer_sizes': (15, 15), 'ica__n_components': 3, 'NN__alpha': 1}",142,0.9126016260162602,0.9088594704684317,0.9186991869918699,0.9058044806517311,0.9103869653767821,0.9078880407124682,0.9022403258655805,0.9089058524173028,0.9040816326530612,0.9145473041709054,0.07006111753086773,0.0004899403160383116,0.005951367254091686,0.0028998940868183503
31,0.5219999313354492,0.0006000518798828125,0.9210097719869706,0.924165350217705,1,"(15, 15)",5,"{'NN__hidden_layer_sizes': (15, 15), 'ica__n_components': 5, 'NN__alpha': 1}",127,0.9227642276422764,0.9271894093686355,0.926829268292683,0.9210794297352343,0.9164969450101833,0.9267175572519084,0.9205702647657841,0.9221374045801527,0.9183673469387755,0.9237029501525941,0.06754249851191461,0.0004899403160383116,0.003592229880037909,0.0024293199479269137
32,0.7202000141143798,0.0006000041961669922,0.9222312703583062,0.9259977216996502,1,"(15, 15)",10,"{'NN__hidden_layer_sizes': (15, 15), 'ica__n_components': 10, 'NN__alpha': 1}",119,0.9166666666666666,0.925152749490835,0.9227642276422764,0.9210794297352343,0.9164969450101833,0.9246819338422392,0.9327902240325866,0.9404580152671755,0.9224489795918367,0.9186164801627671,0.24826145848349,0.0004899013824479931,0.00592726309237894,0.0076186309564309765
33,0.7163999557495118,0.0010000705718994141,0.9393322475570033,0.9439124542079179,1,"(15, 15)",15,"{'NN__hidden_layer_sizes': (15, 15), 'ica__n_components': 15, 'NN__alpha': 1}",89,0.9288617886178862,0.9439918533604889,0.9451219512195121,0.9409368635437881,0.9429735234215886,0.9435114503816794,0.9368635437881874,0.9460559796437659,0.9428571428571428,0.9450661241098678,0.3015550731105203,1.1680077279964342e-07,0.005918181565866296,0.0017289825696828404
34,0.7739999771118165,0.00039997100830078123,0.9401465798045603,0.945542092839719,1,"(15, 15)",17,"{'NN__hidden_layer_sizes': (15, 15), 'ica__n_components': 17, 'NN__alpha': 1}",80,0.9390243902439024,0.9506109979633401,0.9491869918699187,0.9434826883910387,0.9429735234215886,0.9455470737913486,0.9307535641547862,0.9450381679389313,0.9387755102040817,0.943031536113937,0.33718241196577775,0.0004898624411217046,0.006019633458696622,0.002701547927555589
35,0.6373999118804932,0.0008000850677490235,0.9413680781758957,0.9447270662829119,1,"(15, 15)",20,"{'NN__hidden_layer_sizes': (15, 15), 'ica__n_components': 20, 'NN__alpha': 1}",58,0.9329268292682927,0.945010183299389,0.9532520325203252,0.9429735234215886,0.9389002036659878,0.9465648854961832,0.9409368635437881,0.944529262086514,0.9408163265306122,0.944557477110885,0.08071326014266827,0.0007483791930950463,0.006624297681739944,0.0011489590296931845
36,0.7161999702453613,0.0010000705718994141,0.9434039087947883,0.9488999386970749,1,"(15, 15)",24,"{'NN__hidden_layer_sizes': (15, 15), 'ica__n_components': 24, 'NN__alpha': 1}",38,0.9349593495934959,0.9445010183299389,0.9573170731707317,0.9409368635437881,0.9389002036659878,0.9552162849872774,0.945010183299389,0.9603053435114504,0.9408163265306122,0.9435401831129197,0.14289911149740558,1.1680077279964342e-07,0.0076792125609841146,0.007502899914735818
37,0.9980000019073486,0.0007999897003173828,0.9409609120521173,0.9462540429571966,1,"(15, 15)",26,"{'NN__hidden_layer_sizes': (15, 15), 'ica__n_components': 26, 'NN__alpha': 1}",64,0.9369918699186992,0.9521384928716904,0.9552845528455285,0.9383910386965377,0.9327902240325866,0.9531806615776082,0.9409368635437881,0.9430025445292621,0.9387755102040817,0.944557477110885,0.340046388741056,0.0003999948608169695,0.007652158354803356,0.005619291948452031
38,0.9600000381469727,0.0005999565124511719,0.9409609120521173,0.9495117660985184,1,"(15, 15)",28,"{'NN__hidden_layer_sizes': (15, 15), 'ica__n_components': 28, 'NN__alpha': 1}",64,0.9349593495934959,0.9445010183299389,0.9512195121951219,0.9546843177189409,0.9368635437881874,0.9557251908396946,0.9429735234215886,0.9465648854961832,0.9387755102040817,0.9460834181078331,0.19967269494133477,0.0004898624411217046,0.005780701513165251,0.004709717734857913
39,0.6976000308990479,0.0005999565124511719,0.9417752442996743,0.94493062846572,1,"(15, 15)",30,"{'NN__hidden_layer_sizes': (15, 15), 'ica__n_components': 30, 'NN__alpha': 1}",50,0.9369918699186992,0.945010183299389,0.9532520325203252,0.9414460285132383,0.9348268839103869,0.9486005089058525,0.9429735234215886,0.9465648854961832,0.9408163265306122,0.943031536113937,0.08240532437230828,0.0004898624411217046,0.006410331424709026,0.00252563402128976
40,1.0033999919891357,0.0005999565124511719,0.9087947882736156,0.9085900317208278,1,"(30, 30)",3,"{'NN__hidden_layer_sizes': (30, 30), 'ica__n_components': 3, 'NN__alpha': 1}",148,0.9126016260162602,0.9088594704684317,0.9166666666666666,0.9027494908350305,0.9083503054989817,0.9078880407124682,0.9022403258655805,0.9089058524173028,0.9040816326530612,0.9145473041709054,0.3785121320729904,0.0004898624411217046,0.0053269793602784025,0.0037487636417883855
41,1.248200035095215,0.0006000041961669922,0.9218241042345277,0.9230454464546671,1,"(30, 30)",5,"{'NN__hidden_layer_sizes': (30, 30), 'ica__n_components': 5, 'NN__alpha': 1}",123,0.9207317073170732,0.9241344195519349,0.926829268292683,0.9215885947046843,0.9205702647657841,0.9246819338422392,0.9205702647657841,0.9206106870229007,0.9204081632653062,0.9242115971515769,0.33448620103598353,0.0004899013824479931,0.0025072167862683673,0.0016293760361660971
42,1.6641999721527099,0.0006000041961669922,0.9360749185667753,0.9409605932338696,1,"(30, 30)",10,"{'NN__hidden_layer_sizes': (30, 30), 'ica__n_components': 10, 'NN__alpha': 1}",109,0.943089430894309,0.9445010183299389,0.9471544715447154,0.9409368635437881,0.9144602851323829,0.9241730279898219,0.9409368635437881,0.9475826972010178,0.9346938775510204,0.9476093591047813,0.23446744775655187,0.0004899013824479931,0.011530599246405943,0.00874546589199394
43,1.081399965286255,0.0006000041961669922,0.9409609120521173,0.9461522103323441,1,"(30, 30)",15,"{'NN__hidden_layer_sizes': (30, 30), 'ica__n_components': 15, 'NN__alpha': 1}",64,0.9390243902439024,0.9526476578411406,0.9451219512195121,0.9409368635437881,0.9429735234215886,0.9435114503816794,0.9368635437881874,0.9455470737913486,0.9408163265306122,0.948118006103764,0.21693371803322084,0.0004899013824479931,0.0028965521095596224,0.00401484337999993
44,1.2757999897003174,0.0008000373840332031,0.9385179153094463,0.9483909297777606,1,"(30, 30)",17,"{'NN__hidden_layer_sizes': (30, 30), 'ica__n_components': 17, 'NN__alpha': 1}",95,0.926829268292683,0.9429735234215886,0.9491869918699187,0.9470468431771895,0.945010183299389,0.9592875318066157,0.9287169042769857,0.9435114503816794,0.9428571428571428,0.9491353001017294,0.4049431152649693,0.000400018706226792,0.00903103042013707,0.005903460045582837
45,1.102400016784668,0.0,0.9409609120521173,0.9474743295549747,1,"(30, 30)",20,"{'NN__hidden_layer_sizes': (30, 30), 'ica__n_components': 20, 'NN__alpha': 1}",64,0.9329268292682927,0.945010183299389,0.9532520325203252,0.9429735234215886,0.9409368635437881,0.9511450381679389,0.9409368635437881,0.9455470737913486,0.936734693877551,0.9526958290946084,0.1431888786558441,0.0,0.006837949110835278,0.0037624924335168445
46,1.6857999801635741,0.0008000373840332031,0.9413680781758957,0.9505271432630765,1,"(30, 30)",24,"{'NN__hidden_layer_sizes': (30, 30), 'ica__n_components': 24, 'NN__alpha': 1}",58,0.9329268292682927,0.945010183299389,0.9552845528455285,0.9414460285132383,0.9348268839103869,0.9526717557251908,0.9368635437881874,0.956234096692112,0.9469387755102041,0.9572736520854527,0.6434228838075616,0.0007483664507136168,0.008477778556421109,0.006254399310643584
47,1.576200008392334,0.0007999897003173828,0.9446254071661238,0.9479858257342058,1,"(30, 30)",26,"{'NN__hidden_layer_sizes': (30, 30), 'ica__n_components': 26, 'NN__alpha': 1}",28,0.9512195121951219,0.955193482688391,0.9552845528455285,0.9501018329938901,0.9389002036659878,0.9465648854961832,0.9389002036659878,0.9435114503816794,0.9387755102040817,0.944557477110885,0.31933013583918135,0.0003999948608169695,0.0071696914905348755,0.0042478344066266
48,1.928599977493286,0.0010000228881835937,0.9438110749185668,0.9516495333897972,1,"(30, 30)",28,"{'NN__hidden_layer_sizes': (30, 30), 'ica__n_components': 28, 'NN__alpha': 1}",35,0.9369918699186992,0.9587576374745418,0.9573170731707317,0.9434826883910387,0.9389002036659878,0.9618320610687023,0.9470468431771895,0.9486005089058525,0.9387755102040817,0.9455747711088505,0.7372800265304598,0.0006324850929980568,0.007604657838593879,0.007308976096809827
49,1.4851999759674073,0.00040001869201660155,0.9421824104234527,0.946559179016862,1,"(30, 30)",30,"{'NN__hidden_layer_sizes': (30, 30), 'ica__n_components': 30, 'NN__alpha': 1}",45,0.9390243902439024,0.9455193482688391,0.9532520325203252,0.9414460285132383,0.9348268839103869,0.9475826972010178,0.9429735234215886,0.9552162849872774,0.9408163265306122,0.943031536113937,0.5322663272314048,0.0004899208473093903,0.006152957186102253,0.00480963395206117
50,0.1099998950958252,0.0006000041961669922,0.9104234527687296,0.9088955824731848,0.1,"(15,)",3,"{'NN__hidden_layer_sizes': (15,), 'ica__n_components': 3, 'NN__alpha': 0.1}",139,0.9126016260162602,0.9088594704684317,0.9166666666666666,0.9042769857433809,0.9083503054989817,0.9078880407124682,0.9042769857433809,0.9094147582697201,0.9102040816326531,0.9140386571719227,0.03296058638474145,0.0004899013824479931,0.004144906211154021,0.0031326870604494244
51,0.1753999710083008,0.0010000705718994141,0.9222312703583062,0.9226383735434203,0.1,"(15,)",5,"{'NN__hidden_layer_sizes': (15,), 'ica__n_components': 5, 'NN__alpha': 0.1}",119,0.9227642276422764,0.9241344195519349,0.9288617886178862,0.9215885947046843,0.9205702647657841,0.9221374045801527,0.9205702647657841,0.9216284987277353,0.9183673469387755,0.9237029501525941,0.04174976957528371,1.1680077279964343e-07,0.0035980256711655883,0.0010718516382561781
52,0.4119999885559082,0.00039997100830078123,0.9360749185667753,0.9392325916676324,0.1,"(15,)",10,"{'NN__hidden_layer_sizes': (15,), 'ica__n_components': 10, 'NN__alpha': 0.1}",109,0.9369918699186992,0.9480651731160896,0.9573170731707317,0.9414460285132383,0.9389002036659878,0.9460559796437659,0.9287169042769857,0.9312977099236641,0.9183673469387755,0.9292980671414038,0.05535344164457713,0.0004898624411217046,0.012866200602873655,0.00763059037085542
53,0.5525999546051026,0.0004000663757324219,0.9409609120521173,0.9474756761200309,0.1,"(15,)",15,"{'NN__hidden_layer_sizes': (15,), 'ica__n_components': 15, 'NN__alpha': 0.1}",64,0.9329268292682927,0.9495926680244399,0.9491869918699187,0.9434826883910387,0.9429735234215886,0.9536895674300254,0.9389002036659878,0.9460559796437659,0.9408163265306122,0.944557477110885,0.1340754352216534,0.0004899792418945042,0.005305559502845678,0.003730133361726913
54,0.261400032043457,0.0006000518798828125,0.9385179153094463,0.9438108801201823,0.1,"(15,)",17,"{'NN__hidden_layer_sizes': (15,), 'ica__n_components': 17, 'NN__alpha': 0.1}",95,0.926829268292683,0.9429735234215886,0.943089430894309,0.9419551934826884,0.9409368635437881,0.9430025445292621,0.9429735234215886,0.9480916030534351,0.9387755102040817,0.943031536113937,0.07936398961975501,0.0004899403160383115,0.006058700485133002,0.00217853673258673
55,0.3051999568939209,0.00040001869201660155,0.9397394136807817,0.9490031709229421,0.1,"(15,)",20,"{'NN__hidden_layer_sizes': (15,), 'ica__n_components': 20, 'NN__alpha': 0.1}",86,0.9308943089430894,0.945010183299389,0.9471544715447154,0.9546843177189409,0.9409368635437881,0.9475826972010178,0.9409368635437881,0.9541984732824428,0.9387755102040817,0.9435401831129197,0.06525462734030797,0.0004899208473093903,0.005238881077615384,0.004627580946743131
56,0.485200023651123,0.0008000373840332031,0.9442182410423453,0.949104071095514,0.1,"(15,)",24,"{'NN__hidden_layer_sizes': (15,), 'ica__n_components': 24, 'NN__alpha': 0.1}",32,0.9369918699186992,0.9506109979633401,0.9552845528455285,0.9404276985743381,0.945010183299389,0.956234096692112,0.9429735234215886,0.95470737913486,0.9408163265306122,0.9435401831129197,0.2130777357743217,0.000400018706226792,0.006143102725247337,0.0061764301046153495
57,0.5254000663757324,0.0007999420166015625,0.9458469055374593,0.9541919398428413,0.1,"(15,)",26,"{'NN__hidden_layer_sizes': (15,), 'ica__n_components': 26, 'NN__alpha': 0.1}",24,0.9410569105691057,0.9618126272912424,0.9491869918699187,0.9383910386965377,0.9348268839103869,0.9521628498727736,0.9531568228105907,0.9541984732824428,0.9510204081632653,0.9643947100712106,0.11894470757558467,0.0003999710083007813,0.0068652759936466195,0.009120933322273952
58,0.3001999378204346,0.00039997100830078123,0.9409609120521173,0.9458461930111692,0.1,"(15,)",28,"{'NN__hidden_layer_sizes': (15,), 'ica__n_components': 28, 'NN__alpha': 0.1}",64,0.9369918699186992,0.9445010183299389,0.9532520325203252,0.9414460285132383,0.9348268839103869,0.9486005089058525,0.9429735234215886,0.9475826972010178,0.936734693877551,0.9471007121057986,0.08247766230167967,0.0004898624411217046,0.006731624795060655,0.0025824973781102146
59,0.5877999782562255,0.0006000041961669922,0.9429967426710097,0.9519551876308083,0.1,"(15,)",30,"{'NN__hidden_layer_sizes': (15,), 'ica__n_components': 30, 'NN__alpha': 0.1}",40,0.9390243902439024,0.9455193482688391,0.959349593495935,0.9577393075356415,0.9389002036659878,0.9541984732824428,0.9368635437881874,0.9587786259541985,0.9408163265306122,0.9435401831129197,0.28371916310372647,0.0004899013824479931,0.008279791730541271,0.00628140133203707
60,0.3784000396728516,0.0005999565124511719,0.9096091205211726,0.9086919165908439,0.1,"(30,)",3,"{'NN__hidden_layer_sizes': (30,), 'ica__n_components': 3, 'NN__alpha': 0.1}",142,0.9126016260162602,0.9088594704684317,0.9166666666666666,0.9042769857433809,0.9083503054989817,0.9089058524173028,0.9022403258655805,0.9063613231552163,0.9081632653061225,0.9150559511698881,0.21680276539228208,0.0004898624411217046,0.004833345421997708,0.003619338589109311
61,0.35900006294250486,0.0006000041961669922,0.9238599348534202,0.9229436652314641,0.1,"(30,)",5,"{'NN__hidden_layer_sizes': (30,), 'ica__n_components': 5, 'NN__alpha': 0.1}",117,0.9288617886178862,0.9236252545824847,0.926829268292683,0.9215885947046843,0.924643584521385,0.9241730279898219,0.9205702647657841,0.9216284987277353,0.9183673469387755,0.9237029501525941,0.274033480710721,0.0004899013824479931,0.0038837298804966806,0.0011061907151657402
62,0.4696000576019287,0.00040001869201660155,0.9275244299674267,0.9310892160293708,0.1,"(30,)",10,"{'NN__hidden_layer_sizes': (30,), 'ica__n_components': 10, 'NN__alpha': 0.1}",114,0.9329268292682927,0.9419551934826884,0.9369918699186992,0.9292260692464358,0.9348268839103869,0.9440203562340967,0.9103869653767821,0.9206106870229007,0.9224489795918367,0.9196337741607324,0.191123614203962,0.0004899208473093904,0.009915506533504655,0.010293511427012991
63,0.5732000350952149,0.0005999565124511719,0.9417752442996743,0.9476803263834981,0.1,"(30,)",15,"{'NN__hidden_layer_sizes': (30,), 'ica__n_components': 15, 'NN__alpha': 0.1}",50,0.9491869918699187,0.9592668024439919,0.9451219512195121,0.9409368635437881,0.9409368635437881,0.9516539440203562,0.9368635437881874,0.9455470737913486,0.936734693877551,0.940996948118006,0.3353532221775733,0.0004898624411217046,0.00482503501071144,0.006996122745584988
64,0.4007999420166016,0.0007999897003173828,0.9385179153094463,0.945642993012291,0.1,"(30,)",17,"{'NN__hidden_layer_sizes': (30,), 'ica__n_components': 17, 'NN__alpha': 0.1}",95,0.926829268292683,0.9434826883910387,0.9451219512195121,0.9419551934826884,0.9429735234215886,0.9440203562340967,0.9389002036659878,0.9557251908396946,0.9387755102040817,0.943031536113937,0.25851530170686154,0.0003999948608169695,0.0063338447176522535,0.0050866521741505695
65,0.6390000343322754,0.00040001869201660155,0.9454397394136808,0.9512433930889896,0.1,"(30,)",20,"{'NN__hidden_layer_sizes': (30,), 'ica__n_components': 20, 'NN__alpha': 0.1}",26,0.9451219512195121,0.9521384928716904,0.9573170731707317,0.9572301425661914,0.9409368635437881,0.9470737913486005,0.9470468431771895,0.9567430025445293,0.936734693877551,0.943031536113937,0.32336288308888184,0.0004899208473093903,0.006925951596213819,0.00550832553031146
66,1.1215999603271485,0.0009999752044677734,0.9409609120521173,0.9581643070752672,0.1,"(30,)",24,"{'NN__hidden_layer_sizes': (30,), 'ica__n_components': 24, 'NN__alpha': 0.1}",64,0.9329268292682927,0.9633401221995926,0.959349593495935,0.960285132382892,0.9348268839103869,0.9567430025445293,0.9389002036659878,0.9511450381679389,0.9387755102040817,0.9593082400813835,0.11665093402646207,9.536743164062499e-08,0.009486474825845942,0.004095992858187663
67,0.8821999549865722,0.00040001869201660155,0.9417752442996743,0.9531773390277083,0.1,"(30,)",26,"{'NN__hidden_layer_sizes': (30,), 'ica__n_components': 26, 'NN__alpha': 0.1}",50,0.9369918699186992,0.9536659877800407,0.9532520325203252,0.9572301425661914,0.9389002036659878,0.9587786259541985,0.9409368635437881,0.9526717557251908,0.9387755102040817,0.9435401831129197,0.37232540502827305,0.0004899208473093903,0.005878616100188029,0.005313544917647686
68,0.9636000156402588,0.0006000041961669922,0.9446254071661238,0.9537865751533843,0.1,"(30,)",28,"{'NN__hidden_layer_sizes': (30,), 'ica__n_components': 28, 'NN__alpha': 0.1}",28,0.9471544715447154,0.9572301425661914,0.9532520325203252,0.9409368635437881,0.9348268839103869,0.9526717557251908,0.9511201629327902,0.973027989821883,0.936734693877551,0.9450661241098678,0.4552136136308781,0.0004899013824479931,0.007499257855228283,0.011175816499757858
69,1.2124000072479248,0.0005999565124511719,0.9491042345276873,0.9607088881080408,0.1,"(30,)",30,"{'NN__hidden_layer_sizes': (30,), 'ica__n_components': 30, 'NN__alpha': 0.1}",13,0.9410569105691057,0.9536659877800407,0.9613821138211383,0.969959266802444,0.955193482688391,0.9740458015267176,0.9429735234215886,0.9470737913486005,0.9448979591836735,0.9587995930824008,0.5574584072764618,0.0004898624411217046,0.007850355651473573,0.010026030936432699
70,3.6738000392913817,0.0009999275207519531,0.9087947882736156,0.9123549000894542,0.1,"(60, 60)",3,"{'NN__hidden_layer_sizes': (60, 60), 'ica__n_components': 3, 'NN__alpha': 0.1}",148,0.9085365853658537,0.909877800407332,0.9166666666666666,0.9063136456211812,0.9063136456211812,0.9099236641221374,0.90020366598778,0.9063613231552163,0.9122448979591836,0.9292980671414038,1.2967710790679141,0.0,0.005548679827752034,0.008620180519354252
71,3.4349998950958254,0.0007999897003173828,0.9218241042345277,0.9253852219119126,0.1,"(60, 60)",5,"{'NN__hidden_layer_sizes': (60, 60), 'ica__n_components': 5, 'NN__alpha': 0.1}",123,0.9227642276422764,0.9210794297352343,0.9329268292682927,0.9175152749490835,0.9144602851323829,0.9297709923664123,0.9124236252545825,0.9297709923664123,0.926530612244898,0.9287894201424212,0.21336075072754448,0.0003999948608169695,0.007602505117242273,0.005109490033618024
72,5.810000038146972,0.0009999752044677734,0.9417752442996743,0.953075661925795,0.1,"(60, 60)",10,"{'NN__hidden_layer_sizes': (60, 60), 'ica__n_components': 10, 'NN__alpha': 0.1}",50,0.9349593495934959,0.9572301425661914,0.959349593495935,0.9587576374745418,0.9470468431771895,0.9531806615776082,0.9327902240325866,0.9486005089058525,0.9346938775510204,0.9476093591047813,1.7437388578721544,9.536743164062499e-08,0.010142901607745003,0.004460113037531436
73,6.6335999965667725,0.0009999752044677734,0.9511400651465798,0.9663049887926217,0.1,"(60, 60)",15,"{'NN__hidden_layer_sizes': (60, 60), 'ica__n_components': 15, 'NN__alpha': 0.1}",8,0.9410569105691057,0.9613034623217923,0.9532520325203252,0.9628309572301426,0.9490835030549898,0.9592875318066157,0.955193482688391,0.9704834605597964,0.9571428571428572,0.9776195320447609,1.4265753363325206,9.536743164062499e-08,0.005707888834814862,0.006808926203147711
74,5.5581999778747555,0.001200103759765625,0.9491042345276873,0.965593555696658,0.1,"(60, 60)",17,"{'NN__hidden_layer_sizes': (60, 60), 'ica__n_components': 17, 'NN__alpha': 0.1}",13,0.9369918699186992,0.9674134419551935,0.9532520325203252,0.9536659877800407,0.955193482688391,0.9694656488549618,0.9490835030549898,0.973027989821883,0.9510204081632653,0.9643947100712106,1.5781606160250898,0.00039999486081696955,0.006401680900625792,0.006592116646754225
75,6.923200035095215,0.0009999275207519531,0.9580618892508144,0.9729242363569307,0.1,"(60, 60)",20,"{'NN__hidden_layer_sizes': (60, 60), 'ica__n_components': 20, 'NN__alpha': 0.1}",3,0.959349593495935,0.9811608961303462,0.9634146341463414,0.9704684317718941,0.9592668024439919,0.9755725190839695,0.9531568228105907,0.966412213740458,0.9551020408163265,0.9710071210579858,1.095730883303346,0.0,0.003594435438721531,0.005039220404231576
76,6.194200038909912,0.0007999420166015625,0.9515472312703583,0.9662052792931292,0.1,"(60, 60)",24,"{'NN__hidden_layer_sizes': (60, 60), 'ica__n_components': 24, 'NN__alpha': 0.1}",7,0.9390243902439024,0.9490835030549898,0.9735772357723578,0.9831975560081466,0.945010183299389,0.9704834605597964,0.9429735234215886,0.9628498727735368,0.9571428571428572,0.965412004069176,2.1530530838605078,0.0003999710083007812,0.012574713910768563,0.011064208629194966
77,5.318399953842163,0.0008000373840332031,0.9507328990228013,0.9649837488808741,0.1,"(60, 60)",26,"{'NN__hidden_layer_sizes': (60, 60), 'ica__n_components': 26, 'NN__alpha': 0.1}",10,0.943089430894309,0.9740325865580448,0.9512195121951219,0.9480651731160896,0.9470468431771895,0.9669211195928753,0.9633401221995926,0.9791348600508906,0.9489795918367347,0.95676500508647,0.9050548152644835,0.000400018706226792,0.006845149317919742,0.011310833491803136
78,7.810199975967407,0.0010000228881835937,0.9613192182410424,0.9748574055244669,0.1,"(60, 60)",28,"{'NN__hidden_layer_sizes': (60, 60), 'ica__n_components': 28, 'NN__alpha': 0.1}",1,0.9573170731707317,0.9689409368635438,0.9796747967479674,0.9821792260692465,0.9633401221995926,0.9745547073791349,0.9490835030549898,0.971501272264631,0.9571428571428572,0.9771108850457783,1.1360048405227878,1.1680077279964343e-07,0.010243561830962849,0.0045836030387365655
79,5.769999980926514,0.0010000228881835937,0.9584690553745928,0.9733295481158688,0.1,"(60, 60)",30,"{'NN__hidden_layer_sizes': (60, 60), 'ica__n_components': 30, 'NN__alpha': 0.1}",2,0.9654471544715447,0.9837067209775967,0.9512195121951219,0.9587576374745418,0.9592668024439919,0.9725190839694656,0.955193482688391,0.9720101781170484,0.9612244897959183,0.9796541200406917,2.283477504715481,1.1680077279964343e-07,0.0049061117970490625,0.008513801685494588
80,0.683799934387207,0.0007999420166015625,0.9096091205211726,0.9095067358540249,0.1,"(15, 15)",3,"{'NN__hidden_layer_sizes': (15, 15), 'ica__n_components': 3, 'NN__alpha': 0.1}",142,0.9146341463414634,0.9093686354378818,0.9186991869918699,0.9078411405295316,0.9083503054989817,0.9078880407124682,0.9022403258655805,0.9089058524173028,0.9040816326530612,0.91353001017294,0.39121315156794184,0.0003999710083007813,0.006235308661117774,0.002095769578030031
81,1.2238000869750976,0.0005999565124511719,0.9234527687296417,0.9248775077869678,0.1,"(15, 15)",5,"{'NN__hidden_layer_sizes': (15, 15), 'ica__n_components': 5, 'NN__alpha': 0.1}",118,0.926829268292683,0.9231160896130346,0.9288617886178862,0.925152749490835,0.9266802443991853,0.92264631043257,0.9226069246435845,0.9267175572519084,0.9122448979591836,0.9267548321464903,0.258867087065685,0.0004898624411217046,0.0059525031666351124,0.001735898752667727
82,1.8291999340057372,0.0010001182556152344,0.9409609120521173,0.9451347612859162,0.1,"(15, 15)",10,"{'NN__hidden_layer_sizes': (15, 15), 'ica__n_components': 10, 'NN__alpha': 0.1}",64,0.9390243902439024,0.9480651731160896,0.9512195121951219,0.9480651731160896,0.9429735234215886,0.9491094147582697,0.9368635437881874,0.9333333333333333,0.9346938775510204,0.9471007121057986,0.6204248605668604,9.536743164062499e-08,0.005816817297416439,0.005934832121641398
83,1.4797999382019043,0.0006000041961669922,0.9434039087947883,0.9538854561637271,0.1,"(15, 15)",15,"{'NN__hidden_layer_sizes': (15, 15), 'ica__n_components': 15, 'NN__alpha': 0.1}",38,0.9288617886178862,0.9414460285132383,0.9410569105691057,0.9470468431771895,0.9531568228105907,0.9704834605597964,0.9389002036659878,0.9465648854961832,0.9551020408163265,0.9638860630722279,0.984362833238692,0.0004899013824479931,0.009687133028944918,0.01123033954268685
84,0.8423999309539795,0.0008000373840332031,0.9385179153094463,0.9462523338918928,0.1,"(15, 15)",17,"{'NN__hidden_layer_sizes': (15, 15), 'ica__n_components': 17, 'NN__alpha': 0.1}",95,0.9288617886178862,0.9424643584521385,0.943089430894309,0.9419551934826884,0.9429735234215886,0.9440203562340967,0.9327902240325866,0.9475826972010178,0.9448979591836735,0.9552390640895219,0.42880228980542756,0.000400018706226792,0.006443111054241349,0.004905651517846412
85,1.5197999954223633,0.0008000373840332031,0.9495114006514658,0.958265932617372,0.1,"(15, 15)",20,"{'NN__hidden_layer_sizes': (15, 15), 'ica__n_components': 20, 'NN__alpha': 0.1}",11,0.9390243902439024,0.9572301425661914,0.967479674796748,0.9633401221995926,0.9409368635437881,0.9557251908396946,0.9490835030549898,0.9572519083969465,0.9510204081632653,0.9577822990844354,0.4148953285809399,0.000400018706226792,0.010094439273996985,0.0026282228307762064
86,1.5265999794006349,0.0006000041961669922,0.9474755700325733,0.9613181762152821,0.1,"(15, 15)",24,"{'NN__hidden_layer_sizes': (15, 15), 'ica__n_components': 24, 'NN__alpha': 0.1}",19,0.9491869918699187,0.9592668024439919,0.9471544715447154,0.9536659877800407,0.9531568228105907,0.9755725190839695,0.9368635437881874,0.956234096692112,0.9510204081632653,0.9618514750762971,0.48582948721075614,0.0004899013824479931,0.005664007861507779,0.00764307117707476
87,1.3395999908447265,0.00039997100830078123,0.9413680781758957,0.9536867114489436,0.1,"(15, 15)",26,"{'NN__hidden_layer_sizes': (15, 15), 'ica__n_components': 26, 'NN__alpha': 0.1}",58,0.943089430894309,0.964867617107943,0.9573170731707317,0.9521384928716904,0.9327902240325866,0.956234096692112,0.9409368635437881,0.9501272264631043,0.9326530612244898,0.9450661241098678,0.22797250379972092,0.0004898624411217046,0.00902501047689928,0.006646551935109787
88,1.0181999683380127,0.0006000041961669922,0.9409609120521173,0.9534807659693498,0.1,"(15, 15)",28,"{'NN__hidden_layer_sizes': (15, 15), 'ica__n_components': 28, 'NN__alpha': 0.1}",64,0.9369918699186992,0.9439918533604889,0.9410569105691057,0.9567209775967414,0.9348268839103869,0.9521628498727736,0.9490835030549898,0.9623409669211196,0.9428571428571428,0.9521871820956256,0.6502686776926718,0.0004899013824479931,0.0049585419695118045,0.006040726063489389
89,1.6227999687194825,0.0006000041961669922,0.9450325732899023,0.9592848835409173,0.1,"(15, 15)",30,"{'NN__hidden_layer_sizes': (15, 15), 'ica__n_components': 30, 'NN__alpha': 0.1}",27,0.9410569105691057,0.9689409368635438,0.9552845528455285,0.9541751527494908,0.9389002036659878,0.9567430025445293,0.9490835030549898,0.9674300254452927,0.9408163265306122,0.9491353001017294,0.9585679659983611,0.0004899013824479931,0.006210204552989929,0.007683322903034916
90,1.1413999557495118,0.0010000705718994141,0.9087947882736156,0.9076737941037288,0.1,"(30, 30)",3,"{'NN__hidden_layer_sizes': (30, 30), 'ica__n_components': 3, 'NN__alpha': 0.1}",148,0.9126016260162602,0.9093686354378818,0.9186991869918699,0.9022403258655805,0.9042769857433809,0.905852417302799,0.9022403258655805,0.9043256997455471,0.9061224489795918,0.9165818921668362,0.6040127931327629,1.1680077279964343e-07,0.006053794889177613,0.005025463652780929
91,1.5362000465393066,0.0005999565124511719,0.9197882736156352,0.9247739657277737,0.1,"(30, 30)",5,"{'NN__hidden_layer_sizes': (30, 30), 'ica__n_components': 5, 'NN__alpha': 0.1}",130,0.9227642276422764,0.9231160896130346,0.9247967479674797,0.9185336048879837,0.9205702647657841,0.92264631043257,0.9144602851323829,0.9221374045801527,0.9163265306122449,0.9374364191251272,0.48262084504572206,0.0004898624411217046,0.0038713808647758913,0.006534627065152363
92,2.35959997177124,0.0006000518798828125,0.9417752442996743,0.9470701578582613,0.1,"(30, 30)",10,"{'NN__hidden_layer_sizes': (30, 30), 'ica__n_components': 10, 'NN__alpha': 0.1}",50,0.9410569105691057,0.9546843177189409,0.9573170731707317,0.9531568228105907,0.9368635437881874,0.9394402035623409,0.9409368635437881,0.944529262086514,0.9326530612244898,0.9435401831129197,1.028233964629903,0.0004899403160383116,0.008370032221813838,0.005867810429953683
93,2.4624000549316407,0.0009999275207519531,0.9495114006514658,0.9587753558076212,0.1,"(30, 30)",15,"{'NN__hidden_layer_sizes': (30, 30), 'ica__n_components': 15, 'NN__alpha': 0.1}",11,0.9369918699186992,0.9557026476578412,0.9573170731707317,0.9613034623217923,0.9490835030549898,0.9592875318066157,0.9592668024439919,0.9684478371501273,0.9448979591836735,0.9491353001017294,0.730024297771394,0.0,0.008180044775780581,0.006365261212369683
94,2.601800060272217,0.0005999565124511719,0.9511400651465798,0.9588767754268105,0.1,"(30, 30)",17,"{'NN__hidden_layer_sizes': (30, 30), 'ica__n_components': 17, 'NN__alpha': 0.1}",8,0.9512195121951219,0.9684317718940937,0.9491869918699187,0.9567209775967414,0.9592668024439919,0.9689567430025445,0.9348268839103869,0.9394402035623409,0.9612244897959183,0.9608341810783316,1.4293019175938928,0.0004898624411217046,0.009352034042195846,0.01076255481592611
95,2.116599988937378,0.0007999420166015625,0.9438110749185668,0.9565342012420126,0.1,"(30, 30)",20,"{'NN__hidden_layer_sizes': (30, 30), 'ica__n_components': 20, 'NN__alpha': 0.1}",35,0.926829268292683,0.9439918533604889,0.959349593495935,0.9582484725050916,0.9490835030549898,0.9669211195928753,0.9389002036659878,0.9597964376590331,0.9448979591836735,0.9537131230925737,0.9676821352240106,0.0003999710083007812,0.010805208698289258,0.007572819257553243
96,3.567599964141846,0.0006000041961669922,0.9531758957654723,0.9732275590191234,0.1,"(30, 30)",24,"{'NN__hidden_layer_sizes': (30, 30), 'ica__n_components': 24, 'NN__alpha': 0.1}",6,0.9369918699186992,0.9536659877800407,0.9735772357723578,0.9806517311608961,0.9633401221995926,0.9821882951653944,0.945010183299389,0.9760814249363867,0.9469387755102041,0.9735503560528993,1.0770683458286225,0.0004899013824479931,0.013326436899130694,0.010259794756370118
97,3.067999982833862,0.0010000228881835937,0.9486970684039088,0.9666128187204743,0.1,"(30, 30)",26,"{'NN__hidden_layer_sizes': (30, 30), 'ica__n_components': 26, 'NN__alpha': 0.1}",16,0.9552845528455285,0.9781059063136456,0.9471544715447154,0.959775967413442,0.9511201629327902,0.9679389312977099,0.9429735234215886,0.9603053435114504,0.9469387755102041,0.9669379450661241,0.8338112631420715,1.1680077279964343e-07,0.004184441997887449,0.006640513887333828
98,4.089800024032593,0.0006000041961669922,0.9539902280130294,0.9724139315888541,0.1,"(30, 30)",28,"{'NN__hidden_layer_sizes': (30, 30), 'ica__n_components': 28, 'NN__alpha': 0.1}",5,0.9451219512195121,0.9745417515274949,0.9654471544715447,0.9663951120162932,0.955193482688391,0.9786259541984733,0.9531568228105907,0.9684478371501273,0.9510204081632653,0.974059003051882,1.0204323390694643,0.0004899013824479931,0.006651152725845346,0.0044221984771402505
99,3.200599956512451,0.00039997100830078123,0.9576547231270358,0.9685452620967204,0.1,"(30, 30)",30,"{'NN__hidden_layer_sizes': (30, 30), 'ica__n_components': 30, 'NN__alpha': 0.1}",4,0.943089430894309,0.9567209775967414,0.967479674796748,0.9709775967413442,0.9592668024439919,0.9760814249363867,0.955193482688391,0.9684478371501273,0.963265306122449,0.970498474059003,0.8537102227842894,0.0004898624411217046,0.00835745013739831,0.006424145619390522
100,0.0679999828338623,0.00040001869201660155,0.9096091205211726,0.9088956343493109,0.001,"(15,)",3,"{'NN__hidden_layer_sizes': (15,), 'ica__n_components': 3, 'NN__alpha': 0.001}",142,0.9146341463414634,0.9093686354378818,0.9166666666666666,0.904786150712831,0.9042769857433809,0.9063613231552163,0.9042769857433809,0.9094147582697201,0.9081632653061225,0.9145473041709054,0.056352475002533334,0.0004899208473093903,0.005178950653817968,0.0033390172336740347
101,0.08160004615783692,0.0009999752044677734,0.9210097719869706,0.9224346557322336,0.001,"(15,)",5,"{'NN__hidden_layer_sizes': (15,), 'ica__n_components': 5, 'NN__alpha': 0.001}",127,0.9207317073170732,0.9231160896130346,0.9247967479674797,0.9210794297352343,0.9205702647657841,0.9216284987277353,0.9205702647657841,0.92264631043257,0.9183673469387755,0.9237029501525941,0.045138024419337605,9.536743164062499e-08,0.002087750845831724,0.000959609003880219
102,0.24300007820129393,0.0005999565124511719,0.9246742671009772,0.9293549474685949,0.001,"(15,)",10,"{'NN__hidden_layer_sizes': (15,), 'ica__n_components': 10, 'NN__alpha': 0.001}",115,0.9207317073170732,0.925152749490835,0.9227642276422764,0.9236252545824847,0.9368635437881874,0.9404580152671755,0.9144602851323829,0.9211195928753181,0.9285714285714286,0.9364191251271617,0.12336449686504258,0.0004898624411217046,0.007578587853796338,0.007635307907636863
103,0.3750000476837158,0.0007999420166015625,0.9425895765472313,0.9487000036255298,0.001,"(15,)",15,"{'NN__hidden_layer_sizes': (15,), 'ica__n_components': 15, 'NN__alpha': 0.001}",42,0.9369918699186992,0.9521384928716904,0.9634146341463414,0.9653767820773931,0.9429735234215886,0.9419847328244275,0.9368635437881874,0.9440203562340967,0.9326530612244898,0.9399796541200407,0.2916374740084599,0.00039997100830078123,0.010928762841570233,0.009305660696228513
104,0.6461999416351318,0.0010000705718994141,0.9409609120521173,0.9538902223355412,0.001,"(15,)",17,"{'NN__hidden_layer_sizes': (15,), 'ica__n_components': 17, 'NN__alpha': 0.001}",64,0.9329268292682927,0.9562118126272913,0.9634146341463414,0.9638492871690427,0.9389002036659878,0.95470737913486,0.9348268839103869,0.9460559796437659,0.9346938775510204,0.9486266531027467,0.32514084475676436,1.1680077279964342e-07,0.011407698382219519,0.006234116115334452
105,0.48979997634887695,0.0005999565124511719,0.9401465798045603,0.952055725830329,0.001,"(15,)",20,"{'NN__hidden_layer_sizes': (15,), 'ica__n_components': 20, 'NN__alpha': 0.001}",80,0.9288617886178862,0.9434826883910387,0.943089430894309,0.955193482688391,0.9511201629327902,0.9582697201017811,0.9348268839103869,0.9521628498727736,0.9428571428571428,0.9511698880976602,0.19601676767366566,0.0004898624411217046,0.007644811771476957,0.004954844051844987
106,0.2724000453948975,0.0008000373840332031,0.9417752442996743,0.9495111441649199,0.001,"(15,)",24,"{'NN__hidden_layer_sizes': (15,), 'ica__n_components': 24, 'NN__alpha': 0.001}",50,0.9288617886178862,0.9521384928716904,0.9491869918699187,0.9404276985743381,0.9389002036659878,0.9475826972010178,0.945010183299389,0.9618320610687023,0.9469387755102041,0.9455747711088505,0.1918130386404123,0.000400018706226792,0.007312624456776423,0.007217075292707893
107,0.3690000057220459,0.00019998550415039061,0.9389250814332247,0.9499198752142981,0.001,"(15,)",26,"{'NN__hidden_layer_sizes': (15,), 'ica__n_components': 26, 'NN__alpha': 0.001}",92,0.9369918699186992,0.9684317718940937,0.9471544715447154,0.9383910386965377,0.9368635437881874,0.9557251908396946,0.9389002036659878,0.9430025445292621,0.9346938775510204,0.9440488301119023,0.32335919015265396,0.00039997100830078123,0.00432861935956404,0.010877726913722838
108,0.4082000255584717,0.0006000041961669922,0.9405537459283387,0.9518519567229322,0.001,"(15,)",28,"{'NN__hidden_layer_sizes': (15,), 'ica__n_components': 28, 'NN__alpha': 0.001}",76,0.9369918699186992,0.9439918533604889,0.9512195121951219,0.9577393075356415,0.9389002036659878,0.95470737913486,0.9429735234215886,0.9465648854961832,0.9326530612244898,0.9562563580874873,0.29376000963249127,0.0004899013824479931,0.006284995160084712,0.005512666054597429
109,0.7797999858856202,0.0010000228881835937,0.9442182410423453,0.9538871140382602,0.001,"(15,)",30,"{'NN__hidden_layer_sizes': (15,), 'ica__n_components': 30, 'NN__alpha': 0.001}",32,0.9390243902439024,0.9577393075356415,0.9491869918699187,0.9424643584521385,0.945010183299389,0.9643765903307888,0.9429735234215886,0.9455470737913486,0.9448979591836735,0.9593082400813835,0.5790922545579003,1.1680077279964343e-07,0.0032980361277766893,0.008417751857932093
110,0.7239999771118164,0.00039997100830078123,0.9120521172638436,0.9085907051615149,0.001,"(30,)",3,"{'NN__hidden_layer_sizes': (30,), 'ica__n_components': 3, 'NN__alpha': 0.001}",136,0.9126016260162602,0.9093686354378818,0.9207317073170732,0.9063136456211812,0.9103869653767821,0.9089058524173028,0.9063136456211812,0.9063613231552163,0.9102040816326531,0.9120040691759919,0.573324698438539,0.0004898624411217046,0.004792819086369484,0.0021218242850565023
111,0.18560004234313965,0.00039997100830078123,0.9222312703583062,0.9222309897444536,0.001,"(30,)",5,"{'NN__hidden_layer_sizes': (30,), 'ica__n_components': 5, 'NN__alpha': 0.001}",119,0.9186991869918699,0.9210794297352343,0.926829268292683,0.9220977596741344,0.9266802443991853,0.92264631043257,0.9205702647657841,0.9216284987277353,0.9183673469387755,0.9237029501525941,0.15727882106386565,0.0004898624411217046,0.0037711671029448507,0.0008995548731241679
112,0.46339998245239256,0.0010000228881835937,0.9283387622149837,0.933432255992192,0.001,"(30,)",10,"{'NN__hidden_layer_sizes': (30,), 'ica__n_components': 10, 'NN__alpha': 0.001}",113,0.926829268292683,0.9439918533604889,0.9491869918699187,0.9485743380855397,0.9185336048879837,0.9251908396946565,0.924643584521385,0.9287531806615776,0.9224489795918367,0.9206510681586979,0.39819323349861435,1.1680077279964342e-07,0.01078883122373996,0.010899185269332083
113,0.57839994430542,0.00020003318786621094,0.9393322475570033,0.9478851324862226,0.001,"(30,)",15,"{'NN__hidden_layer_sizes': (30,), 'ica__n_components': 15, 'NN__alpha': 0.001}",89,0.943089430894309,0.9669042769857433,0.9390243902439024,0.9455193482688391,0.9429735234215886,0.9419847328244275,0.9368635437881874,0.9440203562340967,0.9346938775510204,0.940996948118006,0.49999941250057917,0.0004000663757324219,0.0033178840464875067,0.009638704145219114
114,0.795799970626831,0.0007999897003173828,0.9385179153094463,0.9528685249296076,0.001,"(30,)",17,"{'NN__hidden_layer_sizes': (30,), 'ica__n_components': 17, 'NN__alpha': 0.001}",95,0.9247967479674797,0.9506109979633401,0.943089430894309,0.9414460285132383,0.9490835030549898,0.9674300254452927,0.9368635437881874,0.9460559796437659,0.9387755102040817,0.9587995930824008,0.5514912094472566,0.0003999948608169695,0.008048578383131189,0.009264939204964188
115,1.244599962234497,0.0006000041961669922,0.9425895765472313,0.9565348222266573,0.001,"(30,)",20,"{'NN__hidden_layer_sizes': (30,), 'ica__n_components': 20, 'NN__alpha': 0.001}",42,0.926829268292683,0.9536659877800407,0.9552845528455285,0.9460285132382892,0.9409368635437881,0.9470737913486005,0.9633401221995926,0.9908396946564886,0.926530612244898,0.9450661241098678,0.8409509800672179,0.0004899013824479931,0.014836557829422291,0.017415390629197797
116,0.8077999591827393,0.00040001869201660155,0.9409609120521173,0.9506320328362804,0.001,"(30,)",24,"{'NN__hidden_layer_sizes': (30,), 'ica__n_components': 24, 'NN__alpha': 0.001}",64,0.9390243902439024,0.9623217922606925,0.9491869918699187,0.945010183299389,0.9348268839103869,0.9536895674300254,0.9429735234215886,0.944529262086514,0.9387755102040817,0.9476093591047813,0.4856457015980154,0.0004899208473093903,0.00485714056914232,0.006693049420396111
117,0.7504000186920166,0.0007999420166015625,0.9442182410423453,0.951038328976345,0.001,"(30,)",26,"{'NN__hidden_layer_sizes': (30,), 'ica__n_components': 26, 'NN__alpha': 0.001}",32,0.9349593495934959,0.9439918533604889,0.959349593495935,0.9613034623217923,0.9368635437881874,0.9526717557251908,0.9409368635437881,0.9435114503816794,0.9489795918367347,0.9537131230925737,0.5220347097390227,0.00039997100830078123,0.008973796222082636,0.006655858909135046
118,0.5590000152587891,0.0007999897003173828,0.9438110749185668,0.9493055101002422,0.001,"(30,)",28,"{'NN__hidden_layer_sizes': (30,), 'ica__n_components': 28, 'NN__alpha': 0.001}",35,0.9369918699186992,0.9445010183299389,0.9471544715447154,0.9394093686354379,0.945010183299389,0.9592875318066157,0.9429735234215886,0.9460559796437659,0.9469387755102041,0.9572736520854527,0.5556804713045772,0.0003999948608169695,0.003732851287199748,0.007677346537611609
119,1.0980000972747803,0.0005999565124511719,0.9470684039087948,0.9589779870670181,0.001,"(30,)",30,"{'NN__hidden_layer_sizes': (30,), 'ica__n_components': 30, 'NN__alpha': 0.001}",20,0.9410569105691057,0.9684317718940937,0.9573170731707317,0.9562118126272913,0.9389002036659878,0.9526717557251908,0.9409368635437881,0.9516539440203562,0.9571428571428572,0.9659206510681587,0.2735675029629433,0.0004898624411217046,0.008329737852851772,0.006908494949066374
120,1.1658000469207763,0.0010000705718994141,0.9112377850162866,0.9095060104844921,0.001,"(60, 60)",3,"{'NN__hidden_layer_sizes': (60, 60), 'ica__n_components': 3, 'NN__alpha': 0.001}",137,0.9126016260162602,0.9083503054989817,0.9207317073170732,0.9032586558044806,0.9083503054989817,0.9078880407124682,0.9063136456211812,0.9129770992366413,0.9081632653061225,0.9150559511698881,0.7981186123278813,1.1680077279964342e-07,0.005179680477983217,0.004143264882463802
121,0.676800012588501,0.0009999752044677734,0.9210097719869706,0.9220276864677999,0.001,"(60, 60)",5,"{'NN__hidden_layer_sizes': (60, 60), 'ica__n_components': 5, 'NN__alpha': 0.001}",127,0.9207317073170732,0.9241344195519349,0.9247967479674797,0.9210794297352343,0.9205702647657841,0.9201017811704835,0.9205702647657841,0.9216284987277353,0.9183673469387755,0.9231943031536114,0.7105269758843287,9.536743164062499e-08,0.002087750845831724,0.0014537518135024317
122,3.001599979400635,0.0007999897003173828,0.9348534201954397,0.9398388242499529,0.001,"(60, 60)",10,"{'NN__hidden_layer_sizes': (60, 60), 'ica__n_components': 10, 'NN__alpha': 0.001}",112,0.9207317073170732,0.925152749490835,0.9573170731707317,0.9434826883910387,0.9287169042769857,0.9363867684478372,0.9368635437881874,0.9419847328244275,0.9306122448979591,0.9521871820956256,1.952161768442868,0.0003999948608169695,0.012367774198450844,0.00892145831201155
123,0.7087999820709229,0.001199960708618164,0.9381107491856677,0.9428955229737985,0.001,"(60, 60)",15,"{'NN__hidden_layer_sizes': (60, 60), 'ica__n_components': 15, 'NN__alpha': 0.001}",102,0.9308943089430894,0.9460285132382892,0.9451219512195121,0.9424643584521385,0.9409368635437881,0.9419847328244275,0.9389002036659878,0.9440203562340967,0.9346938775510204,0.9399796541200407,0.35937527380552486,0.0004000663757324219,0.0049325852171930445,0.0020297098597637513
124,4.081599998474121,0.0009999752044677734,0.9446254071661238,0.9549081889306794,0.001,"(60, 60)",17,"{'NN__hidden_layer_sizes': (60, 60), 'ica__n_components': 17, 'NN__alpha': 0.001}",28,0.9329268292682927,0.955193482688391,0.9654471544715447,0.9607942973523421,0.9511201629327902,0.9597964376590331,0.9389002036659878,0.9557251908396946,0.9346938775510204,0.943031536113937,2.349639592952573,9.536743164062499e-08,0.012203724679790317,0.006330008132045014
125,4.305400037765503,0.0007999420166015625,0.9462540716612378,0.9547011565829784,0.001,"(60, 60)",20,"{'NN__hidden_layer_sizes': (60, 60), 'ica__n_components': 20, 'NN__alpha': 0.001}",22,0.9573170731707317,0.9613034623217923,0.9471544715447154,0.9414460285132383,0.9490835030549898,0.9521628498727736,0.9389002036659878,0.95470737913486,0.9387755102040817,0.9638860630722279,3.1505681278977193,0.0003999710083007812,0.006946270941396045,0.007875206766878782
126,1.9152000427246094,0.0005999565124511719,0.9401465798045603,0.9474744331490683,0.001,"(60, 60)",24,"{'NN__hidden_layer_sizes': (60, 60), 'ica__n_components': 24, 'NN__alpha': 0.001}",80,0.9349593495934959,0.9439918533604889,0.9532520325203252,0.9445010183299389,0.9307535641547862,0.9531806615776082,0.9429735234215886,0.9435114503816794,0.9387755102040817,0.9521871820956256,1.5010821871987476,0.0004898624411217046,0.007707661305600587,0.00427658358031303
127,3.126200008392334,0.0009999752044677734,0.9397394136807817,0.9531765098004836,0.001,"(60, 60)",26,"{'NN__hidden_layer_sizes': (60, 60), 'ica__n_components': 26, 'NN__alpha': 0.001}",86,0.9329268292682927,0.9618126272912424,0.9491869918699187,0.9404276985743381,0.945010183299389,0.9653944020356234,0.9368635437881874,0.9552162849872774,0.9346938775510204,0.943031536113937,1.9957225976571678,9.536743164062499e-08,0.006282057006242967,0.009934513350707804
128,3.7682000637054442,0.0009999752044677734,0.9405537459283387,0.955925586891776,0.001,"(60, 60)",28,"{'NN__hidden_layer_sizes': (60, 60), 'ica__n_components': 28, 'NN__alpha': 0.001}",76,0.9349593495934959,0.9669042769857433,0.9552845528455285,0.9531568228105907,0.9368635437881874,0.9496183206106871,0.9429735234215886,0.9587786259541985,0.9326530612244898,0.9511698880976602,2.37266827856456,0.000632409699322999,0.008129349807766452,0.006304534900676854
129,4.253999996185303,0.0012000083923339843,0.9466612377850163,0.9621363107003331,0.001,"(60, 60)",30,"{'NN__hidden_layer_sizes': (60, 60), 'ica__n_components': 30, 'NN__alpha': 0.001}",21,0.9410569105691057,0.9572301425661914,0.9634146341463414,0.9781059063136456,0.9348268839103869,0.9496183206106871,0.9572301425661914,0.9796437659033079,0.936734693877551,0.9460834181078331,3.7469608632910982,0.00039992333879854,0.011511210006391718,0.014142170229269502
130,0.10419993400573731,0.00040001869201660155,0.9100162866449512,0.9092009260900744,0.001,"(15, 15)",3,"{'NN__hidden_layer_sizes': (15, 15), 'ica__n_components': 3, 'NN__alpha': 0.001}",140,0.9146341463414634,0.9093686354378818,0.9186991869918699,0.904786150712831,0.9083503054989817,0.9073791348600508,0.9042769857433809,0.9094147582697201,0.9040816326530612,0.9150559511698881,0.043805943051960665,0.0004899208473093903,0.0057915370706991265,0.003381252260005085
131,0.2835999965667725,0.0006000041961669922,0.9193811074918566,0.921823605787328,0.001,"(15, 15)",5,"{'NN__hidden_layer_sizes': (15, 15), 'ica__n_components': 5, 'NN__alpha': 0.001}",132,0.9166666666666666,0.9180244399185336,0.926829268292683,0.9210794297352343,0.9185336048879837,0.9267175572519084,0.9185336048879837,0.9211195928753181,0.9163265306122449,0.9221770091556459,0.16740804866052714,0.0004899013824479931,0.0038389899985364086,0.002812783260537731
132,0.6232000827789307,0.0009999752044677734,0.9218241042345277,0.9322033704520196,0.001,"(15, 15)",10,"{'NN__hidden_layer_sizes': (15, 15), 'ica__n_components': 10, 'NN__alpha': 0.001}",123,0.9105691056910569,0.9261710794297352,0.9288617886178862,0.9205702647657841,0.9327902240325866,0.9435114503816794,0.9124236252545825,0.9221374045801527,0.9244897959183673,0.9486266531027467,0.42972804479771837,9.536743164062499e-08,0.008855725456969549,0.01158134911432599
133,0.5773999691009521,0.0007999897003173828,0.9381107491856677,0.9459497873682465,0.001,"(15, 15)",15,"{'NN__hidden_layer_sizes': (15, 15), 'ica__n_components': 15, 'NN__alpha': 0.001}",102,0.926829268292683,0.9434826883910387,0.9512195121951219,0.9541751527494908,0.9409368635437881,0.9470737913486005,0.9368635437881874,0.9440203562340967,0.9346938775510204,0.940996948118006,0.4485221761260207,0.0003999948608169695,0.0080097899982858,0.0045444453810407496
134,1.017199993133545,0.0006000041961669922,0.9429967426710097,0.9556191024745868,0.001,"(15, 15)",17,"{'NN__hidden_layer_sizes': (15, 15), 'ica__n_components': 17, 'NN__alpha': 0.001}",40,0.9329268292682927,0.9480651731160896,0.9532520325203252,0.9531568228105907,0.9572301425661914,0.9791348600508906,0.9368635437881874,0.9541984732824428,0.9346938775510204,0.9435401831129197,0.9783459887026378,0.0004899013824479931,0.010156650217145787,0.012361504799429653
135,0.45060005187988283,0.0008000373840332031,0.9397394136807817,0.9442192998600836,0.001,"(15, 15)",20,"{'NN__hidden_layer_sizes': (15, 15), 'ica__n_components': 20, 'NN__alpha': 0.001}",86,0.9369918699186992,0.9521384928716904,0.9471544715447154,0.9404276985743381,0.9409368635437881,0.9475826972010178,0.9389002036659878,0.9430025445292621,0.9346938775510204,0.9379450661241099,0.46290292135831634,0.000400018706226792,0.0042465622583879245,0.005084265973508187
136,0.623799991607666,0.0007999897003173828,0.9377035830618893,0.9480852240823804,0.001,"(15, 15)",24,"{'NN__hidden_layer_sizes': (15, 15), 'ica__n_components': 24, 'NN__alpha': 0.001}",105,0.9308943089430894,0.9445010183299389,0.9471544715447154,0.9475560081466395,0.9389002036659878,0.9470737913486005,0.9389002036659878,0.9465648854961832,0.9326530612244898,0.9547304170905392,0.357870609940904,0.0003999948608169695,0.005730874007234928,0.003481942448973001
137,0.7449999809265136,0.0006000041961669922,0.9417752442996743,0.9499203416776767,0.001,"(15, 15)",26,"{'NN__hidden_layer_sizes': (15, 15), 'ica__n_components': 26, 'NN__alpha': 0.001}",50,0.9491869918699187,0.9643584521384929,0.9451219512195121,0.9475560081466395,0.9389002036659878,0.9480916030534351,0.9389002036659878,0.9450381679389313,0.936734693877551,0.944557477110885,0.476252895880288,0.0004899013824479931,0.004649994090189006,0.007348324005615921
138,0.4463999271392822,0.0010001659393310547,0.9409609120521173,0.9482907547111233,0.001,"(15, 15)",28,"{'NN__hidden_layer_sizes': (15, 15), 'ica__n_components': 28, 'NN__alpha': 0.001}",64,0.9369918699186992,0.9439918533604889,0.9573170731707317,0.9577393075356415,0.9348268839103869,0.9496183206106871,0.9409368635437881,0.9450381679389313,0.9346938775510204,0.9450661241098678,0.456824091624258,0.0,0.00849152513793533,0.005108731696675302
139,0.6320000171661377,0.0008000373840332031,0.9446254071661238,0.9504293511241876,0.001,"(15, 15)",30,"{'NN__hidden_layer_sizes': (15, 15), 'ica__n_components': 30, 'NN__alpha': 0.001}",28,0.9573170731707317,0.9704684317718941,0.9491869918699187,0.9419551934826884,0.9348268839103869,0.9496183206106871,0.9429735234215886,0.9460559796437659,0.9387755102040817,0.9440488301119023,0.75600026068204,0.000400018706226792,0.00793750514119682,0.01033316309680704
140,0.7338000774383545,0.0007999420166015625,0.9100162866449512,0.9093031216369317,0.001,"(30, 30)",3,"{'NN__hidden_layer_sizes': (30, 30), 'ica__n_components': 3, 'NN__alpha': 0.001}",140,0.9166666666666666,0.9088594704684317,0.9166666666666666,0.9073319755600815,0.9103869653767821,0.9078880407124682,0.9042769857433809,0.9094147582697201,0.9020408163265307,0.9130213631739573,0.7287412701499355,0.00039997100830078123,0.006084659639640835,0.0019961202420604226
141,0.6794000625610351,0.0008000373840332031,0.9222312703583062,0.9221284834680354,0.001,"(30, 30)",5,"{'NN__hidden_layer_sizes': (30, 30), 'ica__n_components': 5, 'NN__alpha': 0.001}",119,0.9207317073170732,0.9241344195519349,0.9247967479674797,0.9159877800407332,0.9226069246435845,0.9201017811704835,0.9205702647657841,0.92264631043257,0.9224489795918367,0.9277721261444557,0.35991476234459413,0.000400018706226792,0.0015356368590336044,0.00394862983278971
142,0.5541999340057373,0.0008000850677490235,0.9242671009771987,0.9280318444447542,0.001,"(30, 30)",10,"{'NN__hidden_layer_sizes': (30, 30), 'ica__n_components': 10, 'NN__alpha': 0.001}",116,0.9146341463414634,0.9327902240325866,0.9288617886178862,0.920061099796334,0.9185336048879837,0.926208651399491,0.9144602851323829,0.9211195928753181,0.9448979591836735,0.9399796541200407,0.3629243999340002,0.0004000425445315194,0.011555752208373503,0.007483693703360088
143,1.3337999820709228,0.0006000041961669922,0.9421824104234527,0.9498151410058746,0.001,"(30, 30)",15,"{'NN__hidden_layer_sizes': (30, 30), 'ica__n_components': 15, 'NN__alpha': 0.001}",45,0.926829268292683,0.9434826883910387,0.9451219512195121,0.9429735234215886,0.9368635437881874,0.9409669211195929,0.9633401221995926,0.9689567430025445,0.9387755102040817,0.9526958290946084,1.3872541555760218,0.0004899013824479931,0.012100262728962337,0.010391323046736985
144,0.8814000129699707,0.0006000041961669922,0.9377035830618893,0.9469666146919546,0.001,"(30, 30)",17,"{'NN__hidden_layer_sizes': (30, 30), 'ica__n_components': 17, 'NN__alpha': 0.001}",105,0.9329268292682927,0.9490835030549898,0.9390243902439024,0.9414460285132383,0.9490835030549898,0.9572519083969465,0.9327902240325866,0.9435114503816794,0.9346938775510204,0.9435401831129197,0.9717607169187099,0.0004899013824479931,0.0061191376324319525,0.005734526108981295
145,1.7958000659942628,0.00040001869201660155,0.9401465798045603,0.9530759723390381,0.001,"(30, 30)",20,"{'NN__hidden_layer_sizes': (30, 30), 'ica__n_components': 20, 'NN__alpha': 0.001}",80,0.9288617886178862,0.9434826883910387,0.9532520325203252,0.9704684317718941,0.9429735234215886,0.9470737913486005,0.9348268839103869,0.9618320610687023,0.9408163265306122,0.9425228891149542,1.5725696192866516,0.0004899208473093904,0.008201341337626164,0.011122873496076916
146,1.7076000213623046,0.0005999565124511719,0.9462540716612378,0.9531742311521842,0.001,"(30, 30)",24,"{'NN__hidden_layer_sizes': (30, 30), 'ica__n_components': 24, 'NN__alpha': 0.001}",22,0.9349593495934959,0.9439918533604889,0.9573170731707317,0.9511201629327902,0.9389002036659878,0.9470737913486005,0.9572301425661914,0.9653944020356234,0.9428571428571428,0.9582909460834181,1.417091442184177,0.0004898624411217046,0.009341961476751101,0.007762267350001044
147,1.777400016784668,0.0005999565124511719,0.9458469055374593,0.9562292204944081,0.001,"(30, 30)",26,"{'NN__hidden_layer_sizes': (30, 30), 'ica__n_components': 26, 'NN__alpha': 0.001}",24,0.9390243902439024,0.9434826883910387,0.9573170731707317,0.9623217922606925,0.9389002036659878,0.9475826972010178,0.9470468431771895,0.9740458015267176,0.9469387755102041,0.9537131230925737,1.24987861067361,0.0004898624411217046,0.006771515256063679,0.010937249949315981
148,3.9407999515533447,0.0006000041961669922,0.9486970684039088,0.9694649694569554,0.001,"(30, 30)",28,"{'NN__hidden_layer_sizes': (30, 30), 'ica__n_components': 28, 'NN__alpha': 0.001}",16,0.926829268292683,0.9653767820773931,0.9634146341463414,0.9730142566191446,0.9531568228105907,0.9760814249363867,0.9653767820773931,0.9877862595419847,0.9346938775510204,0.9450661241098678,1.717770784140842,0.0004899013824479931,0.015424203189364891,0.014170825827539367
149,1.7673999309539794,0.0004000663757324219,0.9491042345276873,0.9604057714742028,0.001,"(30, 30)",30,"{'NN__hidden_layer_sizes': (30, 30), 'ica__n_components': 30, 'NN__alpha': 0.001}",13,0.943089430894309,0.9567209775967414,0.9715447154471545,0.9740325865580448,0.9490835030549898,0.9709923664122138,0.9429735234215886,0.956234096692112,0.9387755102040817,0.9440488301119023,0.8813576421756004,0.0004899792418945042,0.011701493827741018,0.01092058779413809
