,mean_fit_time,mean_score_time,mean_test_score,mean_train_score,param_NN__alpha,param_NN__hidden_layer_sizes,param_pca__n_components,params,rank_test_score,split0_test_score,split0_train_score,split1_test_score,split1_train_score,split2_test_score,split2_train_score,split3_test_score,split3_train_score,split4_test_score,split4_train_score,std_fit_time,std_score_time,std_test_score,std_train_score
0,0.46539998054504395,0.0004000663757324219,0.9218241042345277,0.9255894063446368,1,"(15,)",3,"{'NN__hidden_layer_sizes': (15,), 'pca__n_components': 3, 'NN__alpha': 1}",147,0.9146341463414634,0.9261710794297352,0.9369918699186992,0.9205702647657841,0.9103869653767821,0.9246819338422392,0.9266802443991853,0.9256997455470738,0.9204081632653062,0.930824008138352,0.23704063533494024,0.0004899792418945042,0.009365285562186606,0.0032792335320152026
1,0.8625999450683594,0.0005999565124511719,0.9287459283387622,0.9428949011456395,1,"(15,)",5,"{'NN__hidden_layer_sizes': (15,), 'pca__n_components': 5, 'NN__alpha': 1}",144,0.9207317073170732,0.9434826883910387,0.9471544715447154,0.9394093686354379,0.9226069246435845,0.9465648854961832,0.9368635437881874,0.944529262086514,0.9163265306122449,0.9404883011190234,0.2610200020126036,0.0004898624411217046,0.011499254060973851,0.002623969330305789
2,0.7164000034332275,0.00040001869201660155,0.9592833876221498,0.9751629560659453,1,"(15,)",10,"{'NN__hidden_layer_sizes': (15,), 'pca__n_components': 10, 'NN__alpha': 1}",131,0.9552845528455285,0.9745417515274949,0.9634146341463414,0.9760692464358453,0.9633401221995926,0.9745547073791349,0.9613034623217923,0.9760814249363867,0.9530612244897959,0.9745676500508647,0.1584481956473507,0.0004899208473093903,0.004295623009384752,0.0007450098114431168
3,1.2190001010894775,0.0007999420166015625,0.9719055374592834,0.9878867957381591,1,"(15,)",15,"{'NN__hidden_layer_sizes': (15,), 'pca__n_components': 15, 'NN__alpha': 1}",114,0.9654471544715447,0.9887983706720977,0.9796747967479674,0.9872708757637475,0.9694501018329938,0.9877862595419847,0.9714867617107943,0.9872773536895675,0.9734693877551021,0.9883011190233978,0.46809655942771033,0.00039997100830078123,0.004709140175649725,0.0005938884065358025
4,0.9546000480651855,0.00019998550415039061,0.9702768729641694,0.9897188051416137,1,"(15,)",17,"{'NN__hidden_layer_sizes': (15,), 'pca__n_components': 17, 'NN__alpha': 1}",120,0.9654471544715447,0.9887983706720977,0.9817073170731707,0.9882892057026477,0.9775967413441955,0.9893129770992366,0.9592668024439919,0.9923664122137404,0.9673469387755103,0.9898270600203459,0.2853948456371916,0.0003999710083007812,0.00821616104856665,0.001419661431165165
5,0.8907999992370605,0.0008000373840332031,0.9686482084690554,0.9909406455980742,1,"(15,)",20,"{'NN__hidden_layer_sizes': (15,), 'pca__n_components': 20, 'NN__alpha': 1}",123,0.9735772357723578,0.9913441955193483,0.9776422764227642,0.9903258655804481,0.9674134419551935,0.9908396946564886,0.9592668024439919,0.9923664122137404,0.9653061224489796,0.9898270600203459,0.20479289127025815,0.000400018706226792,0.006418739888415709,0.0008745148807095807
6,1.1486000537872314,0.0005999565124511719,0.9751628664495114,0.9906349913043433,1,"(15,)",24,"{'NN__hidden_layer_sizes': (15,), 'pca__n_components': 24, 'NN__alpha': 1}",66,0.9796747967479674,0.9913441955193483,0.9776422764227642,0.9887983706720977,0.9755600814663951,0.9903307888040712,0.9694501018329938,0.9913486005089058,0.9734693877551021,0.991353001017294,0.26104913916061223,0.0004898624411217046,0.0035267301401335637,0.0009993459032057422
7,1.1146000385284425,0.0005999565124511719,0.9723127035830619,0.9904314807340635,1,"(15,)",26,"{'NN__hidden_layer_sizes': (15,), 'pca__n_components': 26, 'NN__alpha': 1}",112,0.9695121951219512,0.9887983706720977,0.983739837398374,0.9913441955193483,0.9775967413441955,0.9903307888040712,0.9674134419551935,0.9908396946564886,0.963265306122449,0.9908443540183113,0.5077875836865083,0.0004898624411217046,0.0073784250965213205,0.0008771930886462789
8,1.224399995803833,0.0008000373840332031,0.9727198697068404,0.9907370315391401,1,"(15,)",28,"{'NN__hidden_layer_sizes': (15,), 'pca__n_components': 28, 'NN__alpha': 1}",104,0.9695121951219512,0.9913441955193483,0.9857723577235772,0.9908350305498982,0.9714867617107943,0.9908396946564886,0.9653767820773931,0.989821882951654,0.9714285714285714,0.9908443540183113,0.3347857188662196,0.000400018706226792,0.006899755701819154,0.0004975553581962146
9,1.1441999912261962,0.0006000041961669922,0.9767915309446255,0.9914496552027441,1,"(15,)",30,"{'NN__hidden_layer_sizes': (15,), 'pca__n_components': 30, 'NN__alpha': 1}",43,0.9817073170731707,0.9923625254582484,0.9857723577235772,0.9913441955193483,0.9755600814663951,0.9903307888040712,0.9714867617107943,0.9923664122137404,0.9693877551020408,0.9908443540183113,0.3057930042167865,0.0004899013824479931,0.006153338453325271,0.0008127913394435813
10,1.069000005722046,0.00040001869201660155,0.9218241042345277,0.9289483927386941,1,"(30,)",3,"{'NN__hidden_layer_sizes': (30,), 'pca__n_components': 3, 'NN__alpha': 1}",147,0.9105691056910569,0.9322810590631364,0.9329268292682927,0.9210794297352343,0.9124236252545825,0.9282442748091603,0.9266802443991853,0.927735368956743,0.926530612244898,0.9354018311291964,0.29198419090353567,0.0004899208473093903,0.0087676130696659,0.004829934148498717
11,1.3733999252319335,0.0006000518798828125,0.9356677524429967,0.9504271235612197,1,"(30,)",5,"{'NN__hidden_layer_sizes': (30,), 'pca__n_components': 5, 'NN__alpha': 1}",141,0.9247967479674797,0.9536659877800407,0.9532520325203252,0.945010183299389,0.9266802443991853,0.9491094147582697,0.9429735234215886,0.9521628498727736,0.9306122448979591,0.9521871820956256,0.14837742923900257,0.0004899403160383116,0.010841332014786858,0.0030880541313496684
12,2.310200071334839,0.00040001869201660155,0.9682410423452769,0.9826954373349601,1,"(30,)",10,"{'NN__hidden_layer_sizes': (30,), 'pca__n_components': 10, 'NN__alpha': 1}",126,0.967479674796748,0.9811608961303462,0.9715447154471545,0.9852342158859471,0.9694501018329938,0.9806615776081425,0.9674134419551935,0.9826972010178117,0.9653061224489796,0.9837232960325534,0.6463987026768271,0.0004899208473093903,0.0021095611327875095,0.0016729193190811755
13,1.5664000034332275,0.00040001869201660155,0.9735342019543974,0.98951565728246,1,"(30,)",15,"{'NN__hidden_layer_sizes': (30,), 'pca__n_components': 15, 'NN__alpha': 1}",92,0.9634146341463414,0.9908350305498982,0.9817073170731707,0.9893075356415478,0.9775967413441955,0.9893129770992366,0.9694501018329938,0.9893129770992366,0.9755102040816327,0.9888097660223805,0.5026846166214413,0.0004899208473093903,0.0064272338757957416,0.0006876774564643091
14,2.675399971008301,0.0009999275207519531,0.9743485342019544,0.9920601350901773,1,"(30,)",17,"{'NN__hidden_layer_sizes': (30,), 'pca__n_components': 17, 'NN__alpha': 1}",80,0.9735772357723578,0.9918533604887984,0.983739837398374,0.9913441955193483,0.9775967413441955,0.9903307888040712,0.9633401221995926,0.9944020356234097,0.9734693877551021,0.9923702950152594,0.45500445268670486,0.0,0.006654163280678979,0.0013510485608448136
15,2.607800102233887,0.0009999275207519531,0.9747557003257329,0.9922635938897706,1,"(30,)",20,"{'NN__hidden_layer_sizes': (30,), 'pca__n_components': 20, 'NN__alpha': 1}",71,0.9715447154471545,0.9913441955193483,0.9857723577235772,0.9918533604887984,0.9714867617107943,0.9913486005089058,0.9714867617107943,0.9933842239185751,0.9734693877551021,0.9933875890132248,0.7771482078204209,0.0,0.005566064988764383,0.0009348769323116143
16,2.4077999591827393,0.0008000373840332031,0.9763843648208469,0.9921618126665672,1,"(30,)",24,"{'NN__hidden_layer_sizes': (30,), 'pca__n_components': 24, 'NN__alpha': 1}",50,0.975609756097561,0.9918533604887984,0.9898373983739838,0.9908350305498982,0.9775967413441955,0.9913486005089058,0.9694501018329938,0.9938931297709923,0.9693877551020408,0.9928789420142421,0.6123040018124422,0.000400018706226792,0.007486608178490505,0.0010980474454068804
17,1.9530000686645508,0.00039997100830078123,0.9771986970684039,0.9922637492545509,1,"(30,)",26,"{'NN__hidden_layer_sizes': (30,), 'pca__n_components': 26, 'NN__alpha': 1}",33,0.9796747967479674,0.9918533604887984,0.9857723577235772,0.9918533604887984,0.9775967413441955,0.9913486005089058,0.9674134419551935,0.9938931297709923,0.9755102040816327,0.9923702950152594,0.44139007277809406,0.0004898624411217046,0.005974664521031267,0.0008764209001674232
18,2.9414000034332277,0.0007999897003173828,0.9780130293159609,0.9923654786543474,1,"(30,)",28,"{'NN__hidden_layer_sizes': (30,), 'pca__n_components': 28, 'NN__alpha': 1}",23,0.983739837398374,0.9918533604887984,0.9857723577235772,0.9918533604887984,0.9755600814663951,0.9908396946564886,0.9674134419551935,0.9944020356234097,0.9775510204081632,0.9928789420142421,0.5374601618872326,0.0003999948608169695,0.006506733747085822,0.0012053012693333694
19,2.2420000076293944,0.00019998550415039061,0.9747557003257329,0.9921619162606609,1,"(30,)",30,"{'NN__hidden_layer_sizes': (30,), 'pca__n_components': 30, 'NN__alpha': 1}",71,0.9776422764227642,0.9918533604887984,0.983739837398374,0.9913441955193483,0.9714867617107943,0.9908396946564886,0.9653767820773931,0.9944020356234097,0.9755102040816327,0.9923702950152594,0.7380865264080497,0.00039997100830078123,0.00613791257102104,0.0012307477654168299
20,9.738199949264526,0.0009999752044677734,0.9429967426710097,0.9652888859949321,1,"(60, 60)",3,"{'NN__hidden_layer_sizes': (60, 60), 'pca__n_components': 3, 'NN__alpha': 1}",136,0.9471544715447154,0.9689409368635438,0.9491869918699187,0.959775967413442,0.9429735234215886,0.9608142493638677,0.9511201629327902,0.971501272264631,0.9244897959183673,0.965412004069176,0.084127020261243,9.536743164062499e-08,0.009626322445208302,0.004524621996084949
21,9.8503999710083,0.0009999752044677734,0.9719055374592834,0.9896175939758827,1,"(60, 60)",5,"{'NN__hidden_layer_sizes': (60, 60), 'pca__n_components': 5, 'NN__alpha': 1}",114,0.9776422764227642,0.9908350305498982,0.983739837398374,0.9913441955193483,0.9735234215885947,0.9888040712468193,0.9694501018329938,0.9877862595419847,0.9551020408163265,0.9893184130213631,0.5506137046794806,9.536743164062499e-08,0.009628638716300666,0.0013090774602504281
22,10.155400037765503,0.0009999275207519531,0.9824918566775245,0.9937905189515271,1,"(60, 60)",10,"{'NN__hidden_layer_sizes': (60, 60), 'pca__n_components': 10, 'NN__alpha': 1}",4,0.983739837398374,0.9933808553971487,0.9878048780487805,0.9938900203665988,0.9837067209775967,0.9923664122137404,0.9755600814663951,0.9938931297709923,0.9816326530612245,0.9954221770091557,0.18080441497586247,0.0,0.004001895249565336,0.0009877896291510856
23,8.16100001335144,0.0005999565124511719,0.9788273615635179,0.9942994766273511,1,"(60, 60)",15,"{'NN__hidden_layer_sizes': (60, 60), 'pca__n_components': 15, 'NN__alpha': 1}",12,0.9776422764227642,0.9938900203665988,0.9857723577235772,0.9938900203665988,0.9775967413441955,0.9933842239185751,0.9816700610997964,0.9949109414758269,0.9714285714285714,0.9954221770091557,2.401253084075235,0.0004898624411217046,0.004773218237041218,0.0007493119227779781
24,8.481799936294555,0.0010000228881835937,0.9800488599348535,0.9942994766273511,1,"(60, 60)",17,"{'NN__hidden_layer_sizes': (60, 60), 'pca__n_components': 17, 'NN__alpha': 1}",7,0.9796747967479674,0.9938900203665988,0.9878048780487805,0.9938900203665988,0.9816700610997964,0.9933842239185751,0.9755600814663951,0.9949109414758269,0.9755102040816327,0.9954221770091557,1.4621603891281263,1.1680077279964342e-07,0.004554364184760218,0.0007493119227779781
25,6.8005999565124515,0.0010000228881835937,0.9771986970684039,0.9942994766273511,1,"(60, 60)",20,"{'NN__hidden_layer_sizes': (60, 60), 'pca__n_components': 20, 'NN__alpha': 1}",33,0.975609756097561,0.9938900203665988,0.9878048780487805,0.9938900203665988,0.9775967413441955,0.9933842239185751,0.9674134419551935,0.9949109414758269,0.9775510204081632,0.9954221770091557,1.5652331161634456,1.1680077279964343e-07,0.0064991932538743455,0.0007493119227779781
26,8.427799940109253,0.0010000228881835937,0.9771986970684039,0.9942994766273511,1,"(60, 60)",24,"{'NN__hidden_layer_sizes': (60, 60), 'pca__n_components': 24, 'NN__alpha': 1}",33,0.975609756097561,0.9938900203665988,0.9878048780487805,0.9938900203665988,0.9796334012219959,0.9933842239185751,0.9694501018329938,0.9949109414758269,0.9734693877551021,0.9954221770091557,1.309552529849847,0.0006324850929980568,0.006245295096733305,0.0007493119227779781
27,7.656999969482422,0.0010000228881835937,0.9759771986970684,0.9942994766273511,1,"(60, 60)",26,"{'NN__hidden_layer_sizes': (60, 60), 'pca__n_components': 26, 'NN__alpha': 1}",54,0.9735772357723578,0.9938900203665988,0.9857723577235772,0.9938900203665988,0.9755600814663951,0.9933842239185751,0.9694501018329938,0.9949109414758269,0.9755102040816327,0.9954221770091557,1.7055799351479992,1.1680077279964342e-07,0.005382336291391032,0.0007493119227779781
28,9.264400005340576,0.0012000560760498046,0.9780130293159609,0.9942994766273511,1,"(60, 60)",28,"{'NN__hidden_layer_sizes': (60, 60), 'pca__n_components': 28, 'NN__alpha': 1}",23,0.9776422764227642,0.9938900203665988,0.9857723577235772,0.9938900203665988,0.9837067209775967,0.9933842239185751,0.9694501018329938,0.9949109414758269,0.9734693877551021,0.9954221770091557,0.9399576984136796,0.00039989949338787065,0.00611123485519809,0.0007493119227779781
29,7.046600008010865,0.0011999130249023438,0.9792345276872965,0.9942994766273511,1,"(60, 60)",30,"{'NN__hidden_layer_sizes': (60, 60), 'pca__n_components': 30, 'NN__alpha': 1}",9,0.9796747967479674,0.9938900203665988,0.9898373983739838,0.9938900203665988,0.9796334012219959,0.9933842239185751,0.9694501018329938,0.9949109414758269,0.9775510204081632,0.9954221770091557,1.59671992592746,0.0003999710083007812,0.006503544150840399,0.0007493119227779781
30,2.202399969100952,0.0006000518798828125,0.9307817589576547,0.9385169121627897,1,"(15, 15)",3,"{'NN__hidden_layer_sizes': (15, 15), 'pca__n_components': 3, 'NN__alpha': 1}",143,0.926829268292683,0.9419551934826884,0.9390243902439024,0.9327902240325866,0.9226069246435845,0.9379134860050891,0.9287169042769857,0.9338422391857506,0.936734693877551,0.9460834181078331,0.6815907140826869,0.0004899403160383116,0.006166242045038504,0.004981675183345622
31,3.103200006484985,0.0006000041961669922,0.9552117263843648,0.9752642710366481,1,"(15, 15)",5,"{'NN__hidden_layer_sizes': (15, 15), 'pca__n_components': 5, 'NN__alpha': 1}",133,0.9451219512195121,0.9714867617107943,0.9695121951219512,0.9765784114052953,0.9592668024439919,0.9735368956743002,0.9511201629327902,0.978117048346056,0.9510204081632653,0.9766022380467956,0.3245010851929208,0.0004899013824479931,0.008455780199732138,0.0024045316115693916
32,3.1965999603271484,0.0010000228881835937,0.9755700325732899,0.9902275557346899,1,"(15, 15)",10,"{'NN__hidden_layer_sizes': (15, 15), 'pca__n_components': 10, 'NN__alpha': 1}",61,0.9715447154471545,0.9887983706720977,0.9817073170731707,0.9887983706720977,0.9755600814663951,0.9918575063613232,0.9714867617107943,0.989821882951654,0.9775510204081632,0.9918616480162767,0.338037059175714,1.1680077279964343e-07,0.003861044189295523,0.0013839585920953808
33,2.5589999675750734,0.0006000041961669922,0.9755700325732899,0.993892248298604,1,"(15, 15)",15,"{'NN__hidden_layer_sizes': (15, 15), 'pca__n_components': 15, 'NN__alpha': 1}",61,0.9735772357723578,0.9938900203665988,0.9857723577235772,0.9928716904276986,0.9796334012219959,0.9933842239185751,0.9653767820773931,0.9938931297709923,0.9734693877551021,0.9954221770091557,0.7215579988771295,0.0004899013824479931,0.006826432297112304,0.0008532660474454213
34,2.143800067901611,0.0007999897003173828,0.9743485342019544,0.9938923001220106,1,"(15, 15)",17,"{'NN__hidden_layer_sizes': (15, 15), 'pca__n_components': 17, 'NN__alpha': 1}",80,0.9735772357723578,0.9938900203665988,0.983739837398374,0.9933808553971487,0.9755600814663951,0.9918575063613232,0.9674134419551935,0.9949109414758269,0.9714285714285714,0.9954221770091557,0.827147002272314,0.0003999948608169695,0.005421892887354119,0.0012474069143572771
35,2.5407999992370605,0.0006000518798828125,0.9788273615635179,0.9942994766273511,1,"(15, 15)",20,"{'NN__hidden_layer_sizes': (15, 15), 'pca__n_components': 20, 'NN__alpha': 1}",12,0.9817073170731707,0.9938900203665988,0.9898373983739838,0.9938900203665988,0.9775967413441955,0.9933842239185751,0.9755600814663951,0.9949109414758269,0.9693877551020408,0.9954221770091557,0.7111707058933563,0.0004899403160383116,0.006794101222787125,0.0007493119227779781
36,2.9648000717163088,0.00039997100830078123,0.9767915309446255,0.9942994766273511,1,"(15, 15)",24,"{'NN__hidden_layer_sizes': (15, 15), 'pca__n_components': 24, 'NN__alpha': 1}",43,0.9817073170731707,0.9938900203665988,0.983739837398374,0.9938900203665988,0.9816700610997964,0.9933842239185751,0.9674134419551935,0.9949109414758269,0.9693877551020408,0.9954221770091557,0.3960421375828764,0.0004898624411217046,0.006912987684943785,0.0007493119227779781
37,2.692599964141846,0.0010000705718994141,0.9776058631921825,0.9942994766273511,1,"(15, 15)",26,"{'NN__hidden_layer_sizes': (15, 15), 'pca__n_components': 26, 'NN__alpha': 1}",29,0.9817073170731707,0.9938900203665988,0.9857723577235772,0.9938900203665988,0.9857433808553971,0.9933842239185751,0.9694501018329938,0.9949109414758269,0.9653061224489796,0.9954221770091557,0.5660701678581661,1.1680077279964342e-07,0.008570241548519198,0.0007493119227779781
38,2.5272000789642335,0.0007999897003173828,0.9751628664495114,0.9942994766273511,1,"(15, 15)",28,"{'NN__hidden_layer_sizes': (15, 15), 'pca__n_components': 28, 'NN__alpha': 1}",66,0.9715447154471545,0.9938900203665988,0.9817073170731707,0.9938900203665988,0.9735234215885947,0.9933842239185751,0.9735234215885947,0.9949109414758269,0.9755102040816327,0.9954221770091557,0.7134309853657755,0.0003999948608169695,0.0035072965601162633,0.0007493119227779781
39,2.8184000492095946,0.0005999565124511719,0.9743485342019544,0.9941976954568675,1,"(15, 15)",30,"{'NN__hidden_layer_sizes': (15, 15), 'pca__n_components': 30, 'NN__alpha': 1}",80,0.9735772357723578,0.9938900203665988,0.9878048780487805,0.9938900203665988,0.9775967413441955,0.9928753180661578,0.9633401221995926,0.9949109414758269,0.9693877551020408,0.9954221770091557,0.6127043389711098,0.0004898624411217046,0.008224299631586583,0.0008883788427534132
40,4.670799970626831,0.0007999420166015625,0.9381107491856677,0.9534805594137985,1,"(30, 30)",3,"{'NN__hidden_layer_sizes': (30, 30), 'pca__n_components': 3, 'NN__alpha': 1}",139,0.9390243902439024,0.9587576374745418,0.9532520325203252,0.9470468431771895,0.9327902240325866,0.9486005089058525,0.9348268839103869,0.9536895674300254,0.9306122448979591,0.9593082400813835,0.45559733773760824,0.0003999710083007812,0.008070117603013193,0.005041045461939029
41,5.23899998664856,0.0010000228881835937,0.9629478827361564,0.9850359383198976,1,"(30, 30)",5,"{'NN__hidden_layer_sizes': (30, 30), 'pca__n_components': 5, 'NN__alpha': 1}",129,0.9654471544715447,0.9826883910386965,0.9634146341463414,0.9837067209775967,0.9694501018329938,0.9867684478371501,0.955193482688391,0.9837150127226463,0.9612244897959183,0.9883011190233978,0.045934691466606954,1.1680077279964342e-07,0.004728751357881562,0.0021300533170745873
42,5.29640007019043,0.0008000373840332031,0.9837133550488599,0.9933833424461869,1,"(30, 30)",10,"{'NN__hidden_layer_sizes': (30, 30), 'pca__n_components': 10, 'NN__alpha': 1}",1,0.9878048780487805,0.9928716904276986,0.983739837398374,0.9938900203665988,0.9857433808553971,0.9918575063613232,0.9796334012219959,0.9928753180661578,0.9816326530612245,0.9954221770091557,0.1896908555951687,0.000400018706226792,0.002892951582431175,0.0012051241601418793
43,3.426599931716919,0.0007999420166015625,0.9788273615635179,0.9942994766273511,1,"(30, 30)",15,"{'NN__hidden_layer_sizes': (30, 30), 'pca__n_components': 15, 'NN__alpha': 1}",12,0.9735772357723578,0.9938900203665988,0.9857723577235772,0.9938900203665988,0.9796334012219959,0.9933842239185751,0.9775967413441955,0.9949109414758269,0.9775510204081632,0.9954221770091557,0.8212689153036598,0.00039997100830078123,0.003992707149701737,0.0007493119227779781
44,3.990399932861328,0.0009999275207519531,0.9792345276872965,0.9942994766273511,1,"(30, 30)",17,"{'NN__hidden_layer_sizes': (30, 30), 'pca__n_components': 17, 'NN__alpha': 1}",9,0.9796747967479674,0.9938900203665988,0.9898373983739838,0.9938900203665988,0.9816700610997964,0.9933842239185751,0.9735234215885947,0.9949109414758269,0.9714285714285714,0.9954221770091557,0.9242256684658923,0.0,0.0065132951649524,0.0007493119227779781
45,3.587800073623657,0.0007999420166015625,0.9755700325732899,0.9942994766273511,1,"(30, 30)",20,"{'NN__hidden_layer_sizes': (30, 30), 'pca__n_components': 20, 'NN__alpha': 1}",61,0.9715447154471545,0.9938900203665988,0.9857723577235772,0.9938900203665988,0.9796334012219959,0.9933842239185751,0.9653767820773931,0.9949109414758269,0.9755102040816327,0.9954221770091557,1.0554908150070645,0.00039997100830078123,0.006940524366652926,0.0007493119227779781
46,3.8910000324249268,0.0007999897003173828,0.9776058631921825,0.9942994766273511,1,"(30, 30)",24,"{'NN__hidden_layer_sizes': (30, 30), 'pca__n_components': 24, 'NN__alpha': 1}",29,0.9817073170731707,0.9938900203665988,0.9878048780487805,0.9938900203665988,0.9796334012219959,0.9933842239185751,0.9633401221995926,0.9949109414758269,0.9755102040816327,0.9954221770091557,0.8333909163268204,0.0003999948608169695,0.008160360733891925,0.0007493119227779781
47,3.9146000385284423,0.0007999420166015625,0.9771986970684039,0.9942994766273511,1,"(30, 30)",26,"{'NN__hidden_layer_sizes': (30, 30), 'pca__n_components': 26, 'NN__alpha': 1}",33,0.9776422764227642,0.9938900203665988,0.9878048780487805,0.9938900203665988,0.9775967413441955,0.9933842239185751,0.9674134419551935,0.9949109414758269,0.9755102040816327,0.9954221770091557,1.0582726701510998,0.00039997100830078123,0.00650516744729774,0.0007493119227779781
48,4.067599964141846,0.0009999752044677734,0.9759771986970684,0.9942994766273511,1,"(30, 30)",28,"{'NN__hidden_layer_sizes': (30, 30), 'pca__n_components': 28, 'NN__alpha': 1}",54,0.967479674796748,0.9938900203665988,0.9878048780487805,0.9938900203665988,0.9816700610997964,0.9933842239185751,0.9694501018329938,0.9949109414758269,0.9734693877551021,0.9954221770091557,1.001220790207874,9.536743164062499e-08,0.007664231718355598,0.0007493119227779781
49,4.234000015258789,0.0006000041961669922,0.9788273615635179,0.9942994766273511,1,"(30, 30)",30,"{'NN__hidden_layer_sizes': (30, 30), 'pca__n_components': 30, 'NN__alpha': 1}",12,0.9776422764227642,0.9938900203665988,0.9857723577235772,0.9938900203665988,0.9816700610997964,0.9933842239185751,0.9735234215885947,0.9949109414758269,0.9755102040816327,0.9954221770091557,0.8301154737911985,0.0004899013824479931,0.004402110144087898,0.0007493119227779781
50,0.9703999519348144,0.00040001869201660155,0.9189739413680782,0.9291511262214739,0.1,"(15,)",3,"{'NN__hidden_layer_sizes': (15,), 'pca__n_components': 3, 'NN__alpha': 0.1}",149,0.9186991869918699,0.9312627291242362,0.9390243902439024,0.9170061099796334,0.8961303462321792,0.934351145038168,0.9164969450101833,0.9246819338422392,0.9244897959183673,0.9384537131230926,0.41646392636940693,0.0004899208473093903,0.013862550802305966,0.0075566167775304475
51,1.20260009765625,0.0005999565124511719,0.9372964169381107,0.9583675583176359,0.1,"(15,)",5,"{'NN__hidden_layer_sizes': (15,), 'pca__n_components': 5, 'NN__alpha': 0.1}",140,0.9410569105691057,0.959775967413442,0.9512195121951219,0.9592668024439919,0.9205702647657841,0.9536895674300254,0.9368635437881874,0.961323155216285,0.936734693877551,0.9577822990844354,0.35589131925092854,0.0004898624411217046,0.009884178943907912,0.0025982277160346108
52,1.4536000728607177,0.00039997100830078123,0.9743485342019544,0.990634836097722,0.1,"(15,)",10,"{'NN__hidden_layer_sizes': (15,), 'pca__n_components': 10, 'NN__alpha': 0.1}",80,0.9735772357723578,0.9893075356415478,0.9817073170731707,0.9918533604887984,0.9735234215885947,0.988295165394402,0.9714867617107943,0.989821882951654,0.9714285714285714,0.9938962360122076,0.4003886123722342,0.0004898624411217046,0.0038002116894731088,0.002000910263479621
53,1.1979999542236328,0.0008000850677490235,0.9771986970684039,0.9937903634813076,0.1,"(15,)",15,"{'NN__hidden_layer_sizes': (15,), 'pca__n_components': 15, 'NN__alpha': 0.1}",33,0.967479674796748,0.9918533604887984,0.9878048780487805,0.9938900203665988,0.9775967413441955,0.9928753180661578,0.9775967413441955,0.9949109414758269,0.9755102040816327,0.9954221770091557,0.14462780470442568,0.0004000425445315194,0.00648765465814769,0.001305199649941064
54,1.1815999507904054,0.0010000705718994141,0.9747557003257329,0.994197643633461,0.1,"(15,)",17,"{'NN__hidden_layer_sizes': (15,), 'pca__n_components': 17, 'NN__alpha': 0.1}",71,0.9735772357723578,0.9933808553971487,0.9857723577235772,0.9938900203665988,0.9775967413441955,0.9933842239185751,0.9633401221995926,0.9949109414758269,0.9734693877551021,0.9954221770091557,0.35729967059642054,1.1680077279964342e-07,0.007251711465256113,0.0008284567013395901
55,1.3134000301361084,0.0007999420166015625,0.9767915309446255,0.9942994766273511,0.1,"(15,)",20,"{'NN__hidden_layer_sizes': (15,), 'pca__n_components': 20, 'NN__alpha': 0.1}",43,0.9817073170731707,0.9938900203665988,0.983739837398374,0.9938900203665988,0.9735234215885947,0.9933842239185751,0.9653767820773931,0.9949109414758269,0.9795918367346939,0.9954221770091557,0.25502052236994677,0.0003999710083007812,0.006652880388284262,0.0007493119227779781
56,1.399600076675415,0.0006000041961669922,0.9727198697068404,0.9942994766273511,0.1,"(15,)",24,"{'NN__hidden_layer_sizes': (15,), 'pca__n_components': 24, 'NN__alpha': 0.1}",104,0.9715447154471545,0.9938900203665988,0.9776422764227642,0.9938900203665988,0.9775967413441955,0.9933842239185751,0.9674134419551935,0.9949109414758269,0.9693877551020408,0.9954221770091557,0.5051655683850447,0.0004899013824479931,0.0042106900584916096,0.0007493119227779781
57,1.0016000270843506,0.00039997100830078123,0.9739413680781759,0.9942994766273511,0.1,"(15,)",26,"{'NN__hidden_layer_sizes': (15,), 'pca__n_components': 26, 'NN__alpha': 0.1}",87,0.975609756097561,0.9938900203665988,0.9817073170731707,0.9938900203665988,0.9755600814663951,0.9933842239185751,0.9694501018329938,0.9949109414758269,0.9673469387755103,0.9954221770091557,0.3059925257738683,0.0004898624411217046,0.005086431488852292,0.0007493119227779781
58,1.324399995803833,0.0006000041961669922,0.9743485342019544,0.9942994766273511,0.1,"(15,)",28,"{'NN__hidden_layer_sizes': (15,), 'pca__n_components': 28, 'NN__alpha': 0.1}",80,0.9735772357723578,0.9938900203665988,0.983739837398374,0.9938900203665988,0.9735234215885947,0.9933842239185751,0.9735234215885947,0.9949109414758269,0.9673469387755103,0.9954221770091557,0.6384802473660061,0.0004899013824479931,0.005276357320465746,0.0007493119227779781
59,1.3328000068664552,0.0006000041961669922,0.9776058631921825,0.9942994766273511,0.1,"(15,)",30,"{'NN__hidden_layer_sizes': (15,), 'pca__n_components': 30, 'NN__alpha': 0.1}",29,0.9715447154471545,0.9938900203665988,0.9898373983739838,0.9938900203665988,0.9796334012219959,0.9933842239185751,0.9735234215885947,0.9949109414758269,0.9734693877551021,0.9954221770091557,0.40375156675412716,0.0004899013824479931,0.006700580148685898,0.0007493119227779781
60,1.7604000091552734,0.00040001869201660155,0.9287459283387622,0.9416723363213192,0.1,"(30,)",3,"{'NN__hidden_layer_sizes': (30,), 'pca__n_components': 3, 'NN__alpha': 0.1}",144,0.9207317073170732,0.9429735234215886,0.9410569105691057,0.9394093686354379,0.9205702647657841,0.9379134860050891,0.9307535641547862,0.9363867684478372,0.9306122448979591,0.9516785350966429,0.5279794579304488,0.0004899208473093903,0.007621775597267913,0.005459016541347877
61,2.3022000312805178,0.00039997100830078123,0.9539902280130294,0.9778088010895294,0.1,"(30,)",5,"{'NN__hidden_layer_sizes': (30,), 'pca__n_components': 5, 'NN__alpha': 0.1}",134,0.9573170731707317,0.9806517311608961,0.9634146341463414,0.975050916496945,0.9511201629327902,0.9750636132315522,0.9531568228105907,0.9740458015267176,0.9448979591836735,0.9842319430315362,0.5240493737741797,0.0004898624411217046,0.006187820378408741,0.003965883339413027
62,2.2806000232696535,0.0005999565124511719,0.9828990228013029,0.993892300069291,0.1,"(30,)",10,"{'NN__hidden_layer_sizes': (30,), 'pca__n_components': 10, 'NN__alpha': 0.1}",3,0.9796747967479674,0.9928716904276986,0.9878048780487805,0.9938900203665988,0.9857433808553971,0.9933842239185751,0.9796334012219959,0.9944020356234097,0.9816326530612245,0.9949135300101729,0.8401363061332101,0.0004898624411217046,0.003312581270812121,0.000721461231081524
63,2.7112000465393065,0.0009999752044677734,0.9788273615635179,0.9942994766273511,0.1,"(30,)",15,"{'NN__hidden_layer_sizes': (30,), 'pca__n_components': 15, 'NN__alpha': 0.1}",12,0.9695121951219512,0.9938900203665988,0.9898373983739838,0.9938900203665988,0.9796334012219959,0.9933842239185751,0.9755600814663951,0.9949109414758269,0.9795918367346939,0.9954221770091557,0.4420033611142246,9.536743164062499e-08,0.006636794259704436,0.0007493119227779781
64,2.243199920654297,0.00019998550415039061,0.9755700325732899,0.9942994766273511,0.1,"(30,)",17,"{'NN__hidden_layer_sizes': (30,), 'pca__n_components': 17, 'NN__alpha': 0.1}",61,0.9735772357723578,0.9938900203665988,0.9878048780487805,0.9938900203665988,0.9775967413441955,0.9933842239185751,0.9633401221995926,0.9949109414758269,0.9755102040816327,0.9954221770091557,0.8164164064684861,0.0003999710083007812,0.007842604186996607,0.0007493119227779781
65,1.930799961090088,0.0005999565124511719,0.9788273615635179,0.9942994766273511,0.1,"(30,)",20,"{'NN__hidden_layer_sizes': (30,), 'pca__n_components': 20, 'NN__alpha': 0.1}",12,0.9776422764227642,0.9938900203665988,0.9878048780487805,0.9938900203665988,0.9796334012219959,0.9933842239185751,0.9735234215885947,0.9949109414758269,0.9755102040816327,0.9954221770091557,0.7489132293096131,0.0004898624411217046,0.004937209584439763,0.0007493119227779781
66,1.960599994659424,0.0006000041961669922,0.9776058631921825,0.9942994766273511,0.1,"(30,)",24,"{'NN__hidden_layer_sizes': (30,), 'pca__n_components': 24, 'NN__alpha': 0.1}",29,0.9776422764227642,0.9938900203665988,0.9878048780487805,0.9938900203665988,0.9837067209775967,0.9933842239185751,0.9694501018329938,0.9949109414758269,0.9693877551020408,0.9954221770091557,0.6442746420498281,0.0004899013824479931,0.007419671471690726,0.0007493119227779781
67,1.882200050354004,0.0007999420166015625,0.9788273615635179,0.9942994766273511,0.1,"(30,)",26,"{'NN__hidden_layer_sizes': (30,), 'pca__n_components': 26, 'NN__alpha': 0.1}",12,0.9796747967479674,0.9938900203665988,0.9898373983739838,0.9938900203665988,0.9816700610997964,0.9933842239185751,0.9694501018329938,0.9949109414758269,0.9734693877551021,0.9954221770091557,0.2683732255963974,0.00039997100830078123,0.007024959101969145,0.0007493119227779781
68,1.7859999656677246,0.0006000518798828125,0.9771986970684039,0.9942994766273511,0.1,"(30,)",28,"{'NN__hidden_layer_sizes': (30,), 'pca__n_components': 28, 'NN__alpha': 0.1}",33,0.9817073170731707,0.9938900203665988,0.9878048780487805,0.9938900203665988,0.9775967413441955,0.9933842239185751,0.9653767820773931,0.9949109414758269,0.9734693877551021,0.9954221770091557,0.5781066040847074,0.0004899403160383116,0.007573215460484943,0.0007493119227779781
69,1.9364000320434571,0.0008000373840332031,0.9788273615635179,0.9942994766273511,0.1,"(30,)",30,"{'NN__hidden_layer_sizes': (30,), 'pca__n_components': 30, 'NN__alpha': 0.1}",12,0.9857723577235772,0.9938900203665988,0.9878048780487805,0.9938900203665988,0.9816700610997964,0.9933842239185751,0.9674134419551935,0.9949109414758269,0.9714285714285714,0.9954221770091557,0.23222628278113017,0.000400018706226792,0.008024327012785605,0.0007493119227779781
70,9.875200033187866,0.0009999275207519531,0.9633550488599348,0.9920600834776494,0.1,"(60, 60)",3,"{'NN__hidden_layer_sizes': (60, 60), 'pca__n_components': 3, 'NN__alpha': 0.1}",128,0.9613821138211383,0.9923625254582484,0.9654471544715447,0.9923625254582484,0.9633401221995926,0.9893129770992366,0.9694501018329938,0.9918575063613232,0.9571428571428572,0.9944048830111902,0.10163149811755402,0.0,0.0040966977291059595,0.0016290278142576918
71,10.292399978637695,0.0012000560760498046,0.9751628664495114,0.994095810639571,0.1,"(60, 60)",5,"{'NN__hidden_layer_sizes': (60, 60), 'pca__n_components': 5, 'NN__alpha': 0.1}",66,0.9817073170731707,0.9938900203665988,0.975609756097561,0.9928716904276986,0.9775967413441955,0.9933842239185751,0.9735234215885947,0.9949109414758269,0.9673469387755103,0.9954221770091557,0.10173418103052626,0.000400018706226792,0.0047465172704895895,0.000945606854632808
72,9.846600008010864,0.0012000083923339843,0.9816775244299675,0.9942994766273511,0.1,"(60, 60)",10,"{'NN__hidden_layer_sizes': (60, 60), 'pca__n_components': 10, 'NN__alpha': 0.1}",5,0.9817073170731707,0.9938900203665988,0.9857723577235772,0.9938900203665988,0.9837067209775967,0.9933842239185751,0.9816700610997964,0.9949109414758269,0.9755102040816327,0.9954221770091557,0.9266815526856529,0.0004000425445315194,0.003430883100058018,0.0007493119227779781
73,7.9411999702453615,0.001199960708618164,0.9771986970684039,0.9942994766273511,0.1,"(60, 60)",15,"{'NN__hidden_layer_sizes': (60, 60), 'pca__n_components': 15, 'NN__alpha': 0.1}",33,0.9776422764227642,0.9938900203665988,0.9857723577235772,0.9938900203665988,0.9775967413441955,0.9933842239185751,0.9735234215885947,0.9949109414758269,0.9714285714285714,0.9954221770091557,2.365507290065824,0.0004000663757324219,0.004913206612502408,0.0007493119227779781
74,4.110200071334839,0.0011999130249023438,0.9767915309446255,0.9942994766273511,0.1,"(60, 60)",17,"{'NN__hidden_layer_sizes': (60, 60), 'pca__n_components': 17, 'NN__alpha': 0.1}",43,0.975609756097561,0.9938900203665988,0.9878048780487805,0.9938900203665988,0.9796334012219959,0.9933842239185751,0.9694501018329938,0.9949109414758269,0.9714285714285714,0.9954221770091557,0.7571204208887038,0.00039997100830078123,0.0065349655470309876,0.0007493119227779781
75,4.147200012207032,0.0010000705718994141,0.9780130293159609,0.9942994766273511,0.1,"(60, 60)",20,"{'NN__hidden_layer_sizes': (60, 60), 'pca__n_components': 20, 'NN__alpha': 0.1}",23,0.9776422764227642,0.9938900203665988,0.9857723577235772,0.9938900203665988,0.9796334012219959,0.9933842239185751,0.9694501018329938,0.9949109414758269,0.9775510204081632,0.9954221770091557,0.6952526237110775,1.1680077279964342e-07,0.0052263611657563545,0.0007493119227779781
76,3.8377999782562258,0.0009999752044677734,0.9780130293159609,0.9942994766273511,0.1,"(60, 60)",24,"{'NN__hidden_layer_sizes': (60, 60), 'pca__n_components': 24, 'NN__alpha': 0.1}",23,0.9715447154471545,0.9938900203665988,0.9857723577235772,0.9938900203665988,0.9816700610997964,0.9933842239185751,0.9755600814663951,0.9949109414758269,0.9755102040816327,0.9954221770091557,0.9321769652552425,9.536743164062499e-08,0.005056564663678127,0.0007493119227779781
77,4.34379997253418,0.001399993896484375,0.9759771986970684,0.9942994766273511,0.1,"(60, 60)",26,"{'NN__hidden_layer_sizes': (60, 60), 'pca__n_components': 26, 'NN__alpha': 0.1}",54,0.975609756097561,0.9938900203665988,0.983739837398374,0.9938900203665988,0.9796334012219959,0.9933842239185751,0.9674134419551935,0.9949109414758269,0.9734693877551021,0.9954221770091557,0.7394672941814121,0.0004898819214545809,0.005539605198317753,0.0007493119227779781
78,3.944000005722046,0.0012000083923339843,0.9763843648208469,0.9942994766273511,0.1,"(60, 60)",28,"{'NN__hidden_layer_sizes': (60, 60), 'pca__n_components': 28, 'NN__alpha': 0.1}",50,0.9735772357723578,0.9938900203665988,0.983739837398374,0.9938900203665988,0.9796334012219959,0.9933842239185751,0.9714867617107943,0.9949109414758269,0.9734693877551021,0.9954221770091557,0.3865193040041686,0.0004000425445315194,0.004584515717325801,0.0007493119227779781
79,4.397599983215332,0.0007999897003173828,0.9780130293159609,0.9942994766273511,0.1,"(60, 60)",30,"{'NN__hidden_layer_sizes': (60, 60), 'pca__n_components': 30, 'NN__alpha': 0.1}",23,0.975609756097561,0.9938900203665988,0.9878048780487805,0.9938900203665988,0.9837067209775967,0.9933842239185751,0.9694501018329938,0.9949109414758269,0.9734693877551021,0.9954221770091557,0.7555828252380329,0.0003999948608169695,0.006754474493143669,0.0007493119227779781
80,2.940599966049194,0.00039997100830078123,0.9311889250814332,0.9606050870372531,0.1,"(15, 15)",3,"{'NN__hidden_layer_sizes': (15, 15), 'pca__n_components': 3, 'NN__alpha': 0.1}",142,0.9207317073170732,0.9607942973523421,0.9573170731707317,0.9546843177189409,0.9226069246435845,0.9526717557251908,0.9307535641547862,0.9643765903307888,0.9244897959183673,0.970498474059003,0.48002281883773923,0.0004898624411217046,0.013504831595771764,0.006482783344000194
81,2.7010000228881834,0.0008000373840332031,0.9714983713355049,0.9914491372849963,0.1,"(15, 15)",5,"{'NN__hidden_layer_sizes': (15, 15), 'pca__n_components': 5, 'NN__alpha': 0.1}",117,0.9654471544715447,0.9882892057026477,0.983739837398374,0.9933808553971487,0.9755600814663951,0.9893129770992366,0.9755600814663951,0.9923664122137404,0.9571428571428572,0.9938962360122076,0.779852042067263,0.000400018706226792,0.009223158809415552,0.002240962662999473
82,2.5778000354766846,0.00039997100830078123,0.9796416938110749,0.993892248298604,0.1,"(15, 15)",10,"{'NN__hidden_layer_sizes': (15, 15), 'pca__n_components': 10, 'NN__alpha': 0.1}",8,0.9735772357723578,0.9928716904276986,0.991869918699187,0.9938900203665988,0.9775967413441955,0.9933842239185751,0.9775967413441955,0.9938931297709923,0.9775510204081632,0.9954221770091557,0.8580917623778289,0.0004898624411217046,0.006313969590738668,0.0008532660474454213
83,3.217400074005127,0.00039997100830078123,0.9767915309446255,0.9942994766273511,0.1,"(15, 15)",15,"{'NN__hidden_layer_sizes': (15, 15), 'pca__n_components': 15, 'NN__alpha': 0.1}",43,0.9715447154471545,0.9938900203665988,0.9857723577235772,0.9938900203665988,0.9755600814663951,0.9933842239185751,0.9755600814663951,0.9949109414758269,0.9755102040816327,0.9954221770091557,0.6621509114000588,0.0004898624411217046,0.00475457688570932,0.0007493119227779781
84,2.7188000202178957,0.0007999897003173828,0.9735342019543974,0.9942994766273511,0.1,"(15, 15)",17,"{'NN__hidden_layer_sizes': (15, 15), 'pca__n_components': 17, 'NN__alpha': 0.1}",92,0.9715447154471545,0.9938900203665988,0.9817073170731707,0.9938900203665988,0.9714867617107943,0.9933842239185751,0.9653767820773931,0.9949109414758269,0.9775510204081632,0.9954221770091557,0.48549532626448844,0.0003999948608169695,0.005615607372009611,0.0007493119227779781
85,2.260399866104126,0.0004000663757324219,0.9763843648208469,0.9942994766273511,0.1,"(15, 15)",20,"{'NN__hidden_layer_sizes': (15, 15), 'pca__n_components': 20, 'NN__alpha': 0.1}",50,0.9857723577235772,0.9938900203665988,0.9857723577235772,0.9938900203665988,0.9775967413441955,0.9933842239185751,0.9653767820773931,0.9949109414758269,0.9673469387755103,0.9954221770091557,0.45637337184058835,0.0004899792418945042,0.008724886738693512,0.0007493119227779781
86,2.561199998855591,0.0005999565124511719,0.9731270358306189,0.9942994766273511,0.1,"(15, 15)",24,"{'NN__hidden_layer_sizes': (15, 15), 'pca__n_components': 24, 'NN__alpha': 0.1}",97,0.9654471544715447,0.9938900203665988,0.9857723577235772,0.9938900203665988,0.9837067209775967,0.9933842239185751,0.9674134419551935,0.9949109414758269,0.963265306122449,0.9954221770091557,0.8172967835877798,0.0004898624411217046,0.00959972272925952,0.0007493119227779781
87,2.772599983215332,0.0007999420166015625,0.9735342019543974,0.9942994766273511,0.1,"(15, 15)",26,"{'NN__hidden_layer_sizes': (15, 15), 'pca__n_components': 26, 'NN__alpha': 0.1}",92,0.9695121951219512,0.9938900203665988,0.9796747967479674,0.9938900203665988,0.9775967413441955,0.9933842239185751,0.9735234215885947,0.9949109414758269,0.9673469387755103,0.9954221770091557,0.41164958833220344,0.0003999710083007813,0.004661706258940219,0.0007493119227779781
88,2.841999959945679,0.0008000373840332031,0.9727198697068404,0.9942994766273511,0.1,"(15, 15)",28,"{'NN__hidden_layer_sizes': (15, 15), 'pca__n_components': 28, 'NN__alpha': 0.1}",104,0.9654471544715447,0.9938900203665988,0.9796747967479674,0.9938900203665988,0.9775967413441955,0.9933842239185751,0.9694501018329938,0.9949109414758269,0.9714285714285714,0.9954221770091557,0.5999096302787569,0.000400018706226792,0.00524505329933948,0.0007493119227779781
89,3.234600067138672,0.0005999565124511719,0.9759771986970684,0.9942994766273511,0.1,"(15, 15)",30,"{'NN__hidden_layer_sizes': (15, 15), 'pca__n_components': 30, 'NN__alpha': 0.1}",54,0.975609756097561,0.9938900203665988,0.9857723577235772,0.9938900203665988,0.9775967413441955,0.9933842239185751,0.9674134419551935,0.9949109414758269,0.9734693877551021,0.9954221770091557,0.27863210029876523,0.0004898624411217046,0.005973948567271174,0.0007493119227779781
90,5.102999925613403,0.0006000518798828125,0.9535830618892508,0.9826936758663336,0.1,"(30, 30)",3,"{'NN__hidden_layer_sizes': (30, 30), 'pca__n_components': 3, 'NN__alpha': 0.1}",135,0.9573170731707317,0.9816700610997964,0.959349593495935,0.9725050916496945,0.9572301425661914,0.9837150127226463,0.9531568228105907,0.9867684478371501,0.9408163265306122,0.9888097660223805,0.06733788332856241,0.0004899403160383116,0.006683432191530174,0.005655236333079801
91,5.185599946975708,0.0008000373840332031,0.9759771986970684,0.994197643633461,0.1,"(30, 30)",5,"{'NN__hidden_layer_sizes': (30, 30), 'pca__n_components': 5, 'NN__alpha': 0.1}",54,0.9776422764227642,0.9938900203665988,0.9776422764227642,0.9933808553971487,0.9775967413441955,0.9933842239185751,0.9796334012219959,0.9949109414758269,0.9673469387755103,0.9954221770091557,0.06995025031035867,0.000400018706226792,0.0043780738113952476,0.0008284567013395901
92,4.067800092697143,0.00039997100830078123,0.9837133550488599,0.9942994766273511,0.1,"(30, 30)",10,"{'NN__hidden_layer_sizes': (30, 30), 'pca__n_components': 10, 'NN__alpha': 0.1}",1,0.9857723577235772,0.9938900203665988,0.9817073170731707,0.9938900203665988,0.9898167006109979,0.9933842239185751,0.9837067209775967,0.9949109414758269,0.9775510204081632,0.9954221770091557,0.9704934946547942,0.0004898624411217046,0.00408397942875017,0.0007493119227779781
93,4.039599990844726,0.00039997100830078123,0.9771986970684039,0.9942994766273511,0.1,"(30, 30)",15,"{'NN__hidden_layer_sizes': (30, 30), 'pca__n_components': 15, 'NN__alpha': 0.1}",33,0.9715447154471545,0.9938900203665988,0.9857723577235772,0.9938900203665988,0.9755600814663951,0.9933842239185751,0.9714867617107943,0.9949109414758269,0.9816326530612245,0.9954221770091557,0.3570796083333325,0.0004898624411217046,0.005666670529389692,0.0007493119227779781
94,2.9931999683380126,0.0007999420166015625,0.9747557003257329,0.9942994766273511,0.1,"(30, 30)",17,"{'NN__hidden_layer_sizes': (30, 30), 'pca__n_components': 17, 'NN__alpha': 0.1}",71,0.9715447154471545,0.9938900203665988,0.9898373983739838,0.9938900203665988,0.9755600814663951,0.9933842239185751,0.9674134419551935,0.9949109414758269,0.9693877551020408,0.9954221770091557,0.4232192473186565,0.00039997100830078123,0.008017896225056635,0.0007493119227779781
95,3.6199999809265138,0.0007999420166015625,0.9767915309446255,0.9942994766273511,0.1,"(30, 30)",20,"{'NN__hidden_layer_sizes': (30, 30), 'pca__n_components': 20, 'NN__alpha': 0.1}",43,0.975609756097561,0.9938900203665988,0.9878048780487805,0.9938900203665988,0.9796334012219959,0.9933842239185751,0.9613034623217923,0.9949109414758269,0.9795918367346939,0.9954221770091557,1.239179567436035,0.00039997100830078123,0.008701359891735634,0.0007493119227779781
96,3.1410000324249268,0.0008000850677490235,0.9739413680781759,0.9942994766273511,0.1,"(30, 30)",24,"{'NN__hidden_layer_sizes': (30, 30), 'pca__n_components': 24, 'NN__alpha': 0.1}",87,0.9715447154471545,0.9938900203665988,0.9878048780487805,0.9938900203665988,0.9775967413441955,0.9933842239185751,0.9653767820773931,0.9949109414758269,0.9673469387755103,0.9954221770091557,0.8929148188945174,0.0004000425445315194,0.008103358221802425,0.0007493119227779781
97,3.134000062942505,0.0010000228881835937,0.9771986970684039,0.9942994766273511,0.1,"(30, 30)",26,"{'NN__hidden_layer_sizes': (30, 30), 'pca__n_components': 26, 'NN__alpha': 0.1}",33,0.975609756097561,0.9938900203665988,0.9857723577235772,0.9938900203665988,0.9796334012219959,0.9933842239185751,0.9674134419551935,0.9949109414758269,0.9775510204081632,0.9954221770091557,0.29180879845642016,1.1680077279964343e-07,0.005965193238731255,0.0007493119227779781
98,2.36899995803833,0.0009999752044677734,0.9747557003257329,0.9942994766273511,0.1,"(30, 30)",28,"{'NN__hidden_layer_sizes': (30, 30), 'pca__n_components': 28, 'NN__alpha': 0.1}",71,0.975609756097561,0.9938900203665988,0.9817073170731707,0.9938900203665988,0.9755600814663951,0.9933842239185751,0.9633401221995926,0.9949109414758269,0.9775510204081632,0.9954221770091557,0.3079979998523684,9.536743164062499e-08,0.0061292435837037714,0.0007493119227779781
99,3.329399919509888,0.0008000373840332031,0.9771986970684039,0.9942994766273511,0.1,"(30, 30)",30,"{'NN__hidden_layer_sizes': (30, 30), 'pca__n_components': 30, 'NN__alpha': 0.1}",33,0.975609756097561,0.9938900203665988,0.9898373983739838,0.9938900203665988,0.9816700610997964,0.9933842239185751,0.9653767820773931,0.9949109414758269,0.9734693877551021,0.9954221770091557,1.3237904973271866,0.000400018706226792,0.008198600737643611,0.0007493119227779781
100,0.8187999725341797,0.00040001869201660155,0.9165309446254072,0.930169767311692,0.001,"(15,)",3,"{'NN__hidden_layer_sizes': (15,), 'pca__n_components': 3, 'NN__alpha': 0.001}",150,0.9024390243902439,0.9338085539714868,0.9390243902439024,0.924643584521385,0.9083503054989817,0.9267175572519084,0.9124236252545825,0.9251908396946565,0.9204081632653062,0.9404883011190234,0.542406283509593,0.0004899208473093903,0.01268416080898322,0.006114884774596755
101,0.8058000564575195,0.00040001869201660155,0.9413680781758957,0.9594873062414166,0.001,"(15,)",5,"{'NN__hidden_layer_sizes': (15,), 'pca__n_components': 5, 'NN__alpha': 0.001}",137,0.9207317073170732,0.9567209775967414,0.9573170731707317,0.959775967413442,0.9409368635437881,0.9582697201017811,0.9490835030549898,0.9689567430025445,0.9387755102040817,0.9537131230925737,0.2632947323459057,0.0004899208473093903,0.012228920740935277,0.005142564322580716
102,0.9849999904632568,0.0006000518798828125,0.9731270358306189,0.9941976954568675,0.001,"(15,)",10,"{'NN__hidden_layer_sizes': (15,), 'pca__n_components': 10, 'NN__alpha': 0.001}",97,0.9654471544715447,0.9938900203665988,0.983739837398374,0.9938900203665988,0.9714867617107943,0.9928753180661578,0.9674134419551935,0.9949109414758269,0.9775510204081632,0.9954221770091557,0.18891796384326828,0.0004899403160383116,0.006734043750492234,0.0008883788427534132
103,0.3072000026702881,0.00039997100830078123,0.9755700325732899,0.9937905706694945,0.001,"(15,)",15,"{'NN__hidden_layer_sizes': (15,), 'pca__n_components': 15, 'NN__alpha': 0.001}",61,0.9695121951219512,0.9928716904276986,0.983739837398374,0.9938900203665988,0.9735234215885947,0.9928753180661578,0.9796334012219959,0.9949109414758269,0.9714285714285714,0.9944048830111902,0.11202569855004449,0.0004898624411217046,0.0053181299640870155,0.0008154175452825667
104,0.22760000228881835,0.0009999752044677734,0.9674267100977199,0.9940958624629775,0.001,"(15,)",17,"{'NN__hidden_layer_sizes': (15,), 'pca__n_components': 17, 'NN__alpha': 0.001}",127,0.9573170731707317,0.9933808553971487,0.9898373983739838,0.9938900203665988,0.9714867617107943,0.9928753180661578,0.9531568228105907,0.9949109414758269,0.9653061224489796,0.9954221770091557,0.03634616961134672,9.536743164062499e-08,0.012883618508372496,0.0009451771019259926
105,0.21300010681152343,0.0009999275207519531,0.9739413680781759,0.994095810639571,0.001,"(15,)",20,"{'NN__hidden_layer_sizes': (15,), 'pca__n_components': 20, 'NN__alpha': 0.001}",87,0.9715447154471545,0.9938900203665988,0.9796747967479674,0.9928716904276986,0.9775967413441955,0.9933842239185751,0.9674134419551935,0.9949109414758269,0.9734693877551021,0.9954221770091557,0.052065382560105594,0.0,0.004355549194506709,0.000945606854632808
106,0.31020002365112304,0.0005999565124511719,0.9743485342019544,0.9942994766273511,0.001,"(15,)",24,"{'NN__hidden_layer_sizes': (15,), 'pca__n_components': 24, 'NN__alpha': 0.001}",80,0.967479674796748,0.9938900203665988,0.9857723577235772,0.9938900203665988,0.9796334012219959,0.9933842239185751,0.9694501018329938,0.9949109414758269,0.9693877551020408,0.9954221770091557,0.0869422764020159,0.0004898624411217046,0.007133398749096749,0.0007493119227779781
107,0.2834000587463379,0.0009999275207519531,0.9747557003257329,0.9942994766273511,0.001,"(15,)",26,"{'NN__hidden_layer_sizes': (15,), 'pca__n_components': 26, 'NN__alpha': 0.001}",71,0.9776422764227642,0.9938900203665988,0.9796747967479674,0.9938900203665988,0.9796334012219959,0.9933842239185751,0.9653767820773931,0.9949109414758269,0.9714285714285714,0.9954221770091557,0.15375642605189024,0.0,0.005573798074148634,0.0007493119227779781
108,0.19740009307861328,0.00040001869201660155,0.9727198697068404,0.9941976954568675,0.001,"(15,)",28,"{'NN__hidden_layer_sizes': (15,), 'pca__n_components': 28, 'NN__alpha': 0.001}",104,0.9654471544715447,0.9938900203665988,0.983739837398374,0.9938900203665988,0.9714867617107943,0.9928753180661578,0.9653767820773931,0.9949109414758269,0.9775510204081632,0.9954221770091557,0.037248380364202686,0.0004899208473093904,0.007117835600187254,0.0008883788427534132
109,0.25459995269775393,0.0006000518798828125,0.9759771986970684,0.9942994766273511,0.001,"(15,)",30,"{'NN__hidden_layer_sizes': (15,), 'pca__n_components': 30, 'NN__alpha': 0.001}",54,0.975609756097561,0.9938900203665988,0.9878048780487805,0.9938900203665988,0.9735234215885947,0.9933842239185751,0.9694501018329938,0.9949109414758269,0.9734693877551021,0.9954221770091557,0.030942512099502554,0.0004899403160383116,0.006247160029053646,0.0007493119227779781
110,2.480999994277954,0.0006000518798828125,0.9263029315960912,0.9486975171564076,0.001,"(30,)",3,"{'NN__hidden_layer_sizes': (30,), 'pca__n_components': 3, 'NN__alpha': 0.001}",146,0.9186991869918699,0.9475560081466395,0.943089430894309,0.9557026476578412,0.9185336048879837,0.9465648854961832,0.924643584521385,0.9435114503816794,0.926530612244898,0.9501525940996948,0.7617451054475124,0.0004899403160383116,0.008981074259207921,0.004097207621356624
111,2.736400032043457,0.00019998550415039061,0.9686482084690554,0.989107392907339,0.001,"(30,)",5,"{'NN__hidden_layer_sizes': (30,), 'pca__n_components': 5, 'NN__alpha': 0.001}",123,0.9715447154471545,0.9842158859470469,0.9735772357723578,0.9887983706720977,0.9694501018329938,0.9918575063613232,0.9653767820773931,0.9877862595419847,0.963265306122449,0.9928789420142421,0.749155524500451,0.0003999710083007812,0.0038205703844600885,0.003084005030121652
112,1.1138000965118409,0.0006000041961669922,0.9784201954397395,0.9942994766273511,0.001,"(30,)",10,"{'NN__hidden_layer_sizes': (30,), 'pca__n_components': 10, 'NN__alpha': 0.001}",21,0.975609756097561,0.9938900203665988,0.983739837398374,0.9938900203665988,0.9775967413441955,0.9933842239185751,0.9775967413441955,0.9949109414758269,0.9775510204081632,0.9954221770091557,0.4070171447477803,0.0004899013824479931,0.0027700300953197787,0.0007493119227779781
113,0.2987999439239502,0.0004000663757324219,0.9763843648208469,0.9942994766273511,0.001,"(30,)",15,"{'NN__hidden_layer_sizes': (30,), 'pca__n_components': 15, 'NN__alpha': 0.001}",50,0.9613821138211383,0.9938900203665988,0.991869918699187,0.9938900203665988,0.9714867617107943,0.9933842239185751,0.9775967413441955,0.9949109414758269,0.9795918367346939,0.9954221770091557,0.06451789599888008,0.0004899792418945042,0.010013348910495056,0.0007493119227779781
114,0.24200000762939453,0.0006000041961669922,0.9731270358306189,0.9942994766273511,0.001,"(30,)",17,"{'NN__hidden_layer_sizes': (30,), 'pca__n_components': 17, 'NN__alpha': 0.001}",97,0.9695121951219512,0.9938900203665988,0.9817073170731707,0.9938900203665988,0.9775967413441955,0.9933842239185751,0.9735234215885947,0.9949109414758269,0.963265306122449,0.9954221770091557,0.11080977019743639,0.0004899013824479931,0.006387061901033821,0.0007493119227779781
115,0.19819993972778321,0.0009999752044677734,0.9727198697068404,0.9942994766273511,0.001,"(30,)",20,"{'NN__hidden_layer_sizes': (30,), 'pca__n_components': 20, 'NN__alpha': 0.001}",104,0.9715447154471545,0.9938900203665988,0.9857723577235772,0.9938900203665988,0.9775967413441955,0.9933842239185751,0.9633401221995926,0.9949109414758269,0.9653061224489796,0.9954221770091557,0.04537130509401643,9.536743164062499e-08,0.008228919222615148,0.0007493119227779781
116,0.27880005836486815,0.0009999752044677734,0.9731270358306189,0.9942994766273511,0.001,"(30,)",24,"{'NN__hidden_layer_sizes': (30,), 'pca__n_components': 24, 'NN__alpha': 0.001}",97,0.9715447154471545,0.9938900203665988,0.983739837398374,0.9938900203665988,0.9735234215885947,0.9933842239185751,0.9653767820773931,0.9949109414758269,0.9714285714285714,0.9954221770091557,0.06343633133021635,0.0006324850894031313,0.005973266768028655,0.0007493119227779781
117,0.22259998321533203,0.0010000228881835937,0.9723127035830619,0.9942994766273511,0.001,"(30,)",26,"{'NN__hidden_layer_sizes': (30,), 'pca__n_components': 26, 'NN__alpha': 0.001}",112,0.9715447154471545,0.9938900203665988,0.9857723577235772,0.9938900203665988,0.9775967413441955,0.9933842239185751,0.9613034623217923,0.9949109414758269,0.9653061224489796,0.9954221770091557,0.08749750033590005,1.1680077279964343e-07,0.008718762360390687,0.0007493119227779781
118,0.23159995079040527,0.0010001182556152344,0.9731270358306189,0.9942994766273511,0.001,"(30,)",28,"{'NN__hidden_layer_sizes': (30,), 'pca__n_components': 28, 'NN__alpha': 0.001}",97,0.9715447154471545,0.9938900203665988,0.983739837398374,0.9938900203665988,0.9755600814663951,0.9933842239185751,0.9653767820773931,0.9949109414758269,0.9693877551020408,0.9954221770091557,0.03671836968100129,9.536743164062499e-08,0.006248682269251568,0.0007493119227779781
119,0.2380000114440918,0.0007999897003173828,0.9735342019543974,0.9942994766273511,0.001,"(30,)",30,"{'NN__hidden_layer_sizes': (30,), 'pca__n_components': 30, 'NN__alpha': 0.001}",92,0.9695121951219512,0.9938900203665988,0.983739837398374,0.9938900203665988,0.9796334012219959,0.9933842239185751,0.9653767820773931,0.9949109414758269,0.9693877551020408,0.9954221770091557,0.09412334565718396,0.0003999948608169695,0.0069480935845611415,0.0007493119227779781
120,9.261199998855592,0.0010000228881835937,0.9613192182410424,0.992365012454567,0.001,"(60, 60)",3,"{'NN__hidden_layer_sizes': (60, 60), 'pca__n_components': 3, 'NN__alpha': 0.001}",130,0.9491869918699187,0.9923625254582484,0.9695121951219512,0.9887983706720977,0.9674134419551935,0.9928753180661578,0.9613034623217923,0.9928753180661578,0.9591836734693877,0.9949135300101729,1.0079595946591788,1.1680077279964343e-07,0.007160152712306611,0.0019867916425876054
121,3.3284000873565676,0.001199960708618164,0.9739413680781759,0.9941976954568675,0.001,"(60, 60)",5,"{'NN__hidden_layer_sizes': (60, 60), 'pca__n_components': 5, 'NN__alpha': 0.001}",87,0.975609756097561,0.9938900203665988,0.9796747967479674,0.9938900203665988,0.9714867617107943,0.9928753180661578,0.9735234215885947,0.9949109414758269,0.9693877551020408,0.9954221770091557,0.5234243713089471,0.0003999471771024199,0.0035382418260514847,0.0008883788427534132
122,1.987000036239624,0.0009999275207519531,0.9804560260586319,0.9942994766273511,0.001,"(60, 60)",10,"{'NN__hidden_layer_sizes': (60, 60), 'pca__n_components': 10, 'NN__alpha': 0.001}",6,0.975609756097561,0.9938900203665988,0.9878048780487805,0.9938900203665988,0.9816700610997964,0.9933842239185751,0.9837067209775967,0.9949109414758269,0.9734693877551021,0.9954221770091557,0.4457856032157471,0.0,0.005260190622112946,0.0007493119227779781
123,1.0584000110626222,0.0009999752044677734,0.9731270358306189,0.9942994766273511,0.001,"(60, 60)",15,"{'NN__hidden_layer_sizes': (60, 60), 'pca__n_components': 15, 'NN__alpha': 0.001}",97,0.967479674796748,0.9938900203665988,0.975609756097561,0.9938900203665988,0.9796334012219959,0.9933842239185751,0.9796334012219959,0.9949109414758269,0.963265306122449,0.9954221770091557,0.221241535184677,9.536743164062499e-08,0.0066297179211659805,0.0007493119227779781
124,0.586400032043457,0.0009999752044677734,0.9735342019543974,0.9942994766273511,0.001,"(60, 60)",17,"{'NN__hidden_layer_sizes': (60, 60), 'pca__n_components': 17, 'NN__alpha': 0.001}",92,0.9715447154471545,0.9938900203665988,0.983739837398374,0.9938900203665988,0.9735234215885947,0.9933842239185751,0.9735234215885947,0.9949109414758269,0.9653061224489796,0.9954221770091557,0.09475563736790937,9.536743164062499e-08,0.005930012848465378,0.0007493119227779781
125,0.6984000205993652,0.0010000228881835937,0.9759771986970684,0.9942994766273511,0.001,"(60, 60)",20,"{'NN__hidden_layer_sizes': (60, 60), 'pca__n_components': 20, 'NN__alpha': 0.001}",54,0.9613821138211383,0.9938900203665988,0.9857723577235772,0.9938900203665988,0.9857433808553971,0.9933842239185751,0.9755600814663951,0.9949109414758269,0.9714285714285714,0.9954221770091557,0.18567778884357736,1.1680077279964342e-07,0.00922624189172184,0.0007493119227779781
126,0.5242000579833984,0.0010000228881835937,0.9751628664495114,0.9942994766273511,0.001,"(60, 60)",24,"{'NN__hidden_layer_sizes': (60, 60), 'pca__n_components': 24, 'NN__alpha': 0.001}",66,0.9715447154471545,0.9938900203665988,0.9817073170731707,0.9938900203665988,0.9796334012219959,0.9933842239185751,0.9735234215885947,0.9949109414758269,0.9693877551020408,0.9954221770091557,0.07026638747145474,1.1680077279964342e-07,0.004731735160590123,0.0007493119227779781
127,0.5912000656127929,0.0009999752044677734,0.9743485342019544,0.9942994766273511,0.001,"(60, 60)",26,"{'NN__hidden_layer_sizes': (60, 60), 'pca__n_components': 26, 'NN__alpha': 0.001}",80,0.967479674796748,0.9938900203665988,0.9817073170731707,0.9938900203665988,0.9816700610997964,0.9933842239185751,0.9714867617107943,0.9949109414758269,0.9693877551020408,0.9954221770091557,0.12086262070994694,9.536743164062499e-08,0.006128890572404038,0.0007493119227779781
128,0.6769999504089356,0.0014000415802001953,0.9784201954397395,0.9942994766273511,0.001,"(60, 60)",28,"{'NN__hidden_layer_sizes': (60, 60), 'pca__n_components': 28, 'NN__alpha': 0.001}",21,0.975609756097561,0.9938900203665988,0.983739837398374,0.9938900203665988,0.9877800407331976,0.9933842239185751,0.9755600814663951,0.9949109414758269,0.9693877551020408,0.9954221770091557,0.09105599705631386,0.0004899403160383115,0.006532836048228388,0.0007493119227779781
129,0.737999963760376,0.0009999275207519531,0.9767915309446255,0.9942994766273511,0.001,"(60, 60)",30,"{'NN__hidden_layer_sizes': (60, 60), 'pca__n_components': 30, 'NN__alpha': 0.001}",43,0.9776422764227642,0.9938900203665988,0.9878048780487805,0.9938900203665988,0.9775967413441955,0.9933842239185751,0.9714867617107943,0.9949109414758269,0.9693877551020408,0.9954221770091557,0.11696665155241268,0.0,0.006413665226839407,0.0007493119227779781
130,2.776400089263916,0.00039997100830078123,0.9385179153094463,0.9668164327794087,0.001,"(15, 15)",3,"{'NN__hidden_layer_sizes': (15, 15), 'pca__n_components': 3, 'NN__alpha': 0.001}",138,0.9227642276422764,0.9663951120162932,0.9573170731707317,0.9709775967413442,0.9327902240325866,0.9618320610687023,0.945010183299389,0.9689567430025445,0.9346938775510204,0.9659206510681587,0.7223042486108927,0.0004898624411217046,0.011765031291756534,0.003089340084209006
131,2.442799949645996,0.0008000373840332031,0.9686482084690554,0.9939940812924941,0.001,"(15, 15)",5,"{'NN__hidden_layer_sizes': (15, 15), 'pca__n_components': 5, 'NN__alpha': 0.001}",123,0.959349593495935,0.9933808553971487,0.975609756097561,0.9938900203665988,0.9714867617107943,0.9923664122137404,0.9694501018329938,0.9949109414758269,0.9673469387755103,0.9954221770091557,0.49640004146877253,0.000400018706226792,0.005395056594422333,0.001087774910234596
132,1.8509999752044677,0.0009999752044677734,0.9727198697068404,0.994095810639571,0.001,"(15, 15)",10,"{'NN__hidden_layer_sizes': (15, 15), 'pca__n_components': 10, 'NN__alpha': 0.001}",104,0.9695121951219512,0.9938900203665988,0.975609756097561,0.9928716904276986,0.9735234215885947,0.9933842239185751,0.9796334012219959,0.9949109414758269,0.9653061224489796,0.9954221770091557,0.4719974745893017,9.536743164062499e-08,0.004938081423894059,0.000945606854632808
133,0.5065999507904053,0.0005999565124511719,0.9727198697068404,0.9942994766273511,0.001,"(15, 15)",15,"{'NN__hidden_layer_sizes': (15, 15), 'pca__n_components': 15, 'NN__alpha': 0.001}",104,0.9613821138211383,0.9938900203665988,0.9817073170731707,0.9938900203665988,0.9816700610997964,0.9933842239185751,0.9674134419551935,0.9949109414758269,0.9714285714285714,0.9954221770091557,0.15062089373225254,0.0004898624411217046,0.007994288293804691,0.0007493119227779781
134,0.3900000095367432,0.00039997100830078123,0.9727198697068404,0.994095810639571,0.001,"(15, 15)",17,"{'NN__hidden_layer_sizes': (15, 15), 'pca__n_components': 17, 'NN__alpha': 0.001}",104,0.9634146341463414,0.9928716904276986,0.983739837398374,0.9938900203665988,0.9755600814663951,0.9933842239185751,0.9653767820773931,0.9949109414758269,0.9755102040816327,0.9954221770091557,0.07907201064502288,0.0004898624411217046,0.007457819351588337,0.000945606854632808
135,0.2934000492095947,0.0005999565124511719,0.9702768729641694,0.9942994766273511,0.001,"(15, 15)",20,"{'NN__hidden_layer_sizes': (15, 15), 'pca__n_components': 20, 'NN__alpha': 0.001}",120,0.9634146341463414,0.9938900203665988,0.9878048780487805,0.9938900203665988,0.9775967413441955,0.9933842239185751,0.955193482688391,0.9949109414758269,0.9673469387755103,0.9954221770091557,0.08660625638849996,0.0004898624411217046,0.011352854989665633,0.0007493119227779781
136,0.3063999652862549,0.0007999897003173828,0.9731270358306189,0.9942994766273511,0.001,"(15, 15)",24,"{'NN__hidden_layer_sizes': (15, 15), 'pca__n_components': 24, 'NN__alpha': 0.001}",97,0.9715447154471545,0.9938900203665988,0.9796747967479674,0.9938900203665988,0.9816700610997964,0.9933842239185751,0.9714867617107943,0.9949109414758269,0.9612244897959183,0.9954221770091557,0.036081014923606436,0.0003999948608169695,0.007244560497604404,0.0007493119227779781
137,0.4157999515533447,0.0007999897003173828,0.9719055374592834,0.9942994766273511,0.001,"(15, 15)",26,"{'NN__hidden_layer_sizes': (15, 15), 'pca__n_components': 26, 'NN__alpha': 0.001}",114,0.959349593495935,0.9938900203665988,0.9796747967479674,0.9938900203665988,0.9755600814663951,0.9933842239185751,0.9755600814663951,0.9949109414758269,0.9693877551020408,0.9954221770091557,0.11027673221216125,0.0003999948608169695,0.007090732515696439,0.0007493119227779781
138,0.3604000091552734,0.0007999897003173828,0.9739413680781759,0.9942994766273511,0.001,"(15, 15)",28,"{'NN__hidden_layer_sizes': (15, 15), 'pca__n_components': 28, 'NN__alpha': 0.001}",87,0.967479674796748,0.9938900203665988,0.9796747967479674,0.9938900203665988,0.9796334012219959,0.9933842239185751,0.9694501018329938,0.9949109414758269,0.9734693877551021,0.9954221770091557,0.10723730117994049,0.0003999948608169695,0.0050501238513379065,0.0007493119227779781
139,0.36459999084472655,0.0007999897003173828,0.9751628664495114,0.9942994766273511,0.001,"(15, 15)",30,"{'NN__hidden_layer_sizes': (15, 15), 'pca__n_components': 30, 'NN__alpha': 0.001}",66,0.975609756097561,0.9938900203665988,0.983739837398374,0.9938900203665988,0.9775967413441955,0.9933842239185751,0.9633401221995926,0.9949109414758269,0.9755102040816327,0.9954221770091557,0.08755934384266931,0.0003999948608169695,0.006627915672830254,0.0007493119227779781
140,4.728999996185303,0.00040001869201660155,0.9560260586319218,0.9871743794736206,0.001,"(30, 30)",3,"{'NN__hidden_layer_sizes': (30, 30), 'pca__n_components': 3, 'NN__alpha': 0.001}",132,0.9654471544715447,0.9898167006109979,0.9695121951219512,0.9877800407331976,0.9531568228105907,0.9806615776081425,0.9490835030549898,0.988295165394402,0.9428571428571428,0.9893184130213631,0.40590576502469433,0.0004899208473093903,0.010004788722781679,0.0033352156040479613
141,3.0311999320983887,0.0008000373840332031,0.9714983713355049,0.9934852270526049,0.001,"(30, 30)",5,"{'NN__hidden_layer_sizes': (30, 30), 'pca__n_components': 5, 'NN__alpha': 0.001}",117,0.9715447154471545,0.9938900203665988,0.975609756097561,0.9918533604887984,0.9755600814663951,0.9933842239185751,0.9755600814663951,0.9949109414758269,0.9591836734693877,0.9933875890132248,0.855070151815756,0.000400018706226792,0.006343437691024191,0.0009878504487547807
142,1.2910000324249267,0.0009999275207519531,0.9788273615635179,0.9942994766273511,0.001,"(30, 30)",10,"{'NN__hidden_layer_sizes': (30, 30), 'pca__n_components': 10, 'NN__alpha': 0.001}",12,0.9776422764227642,0.9938900203665988,0.9817073170731707,0.9938900203665988,0.9796334012219959,0.9933842239185751,0.9816700610997964,0.9949109414758269,0.9734693877551021,0.9954221770091557,0.2826913558653387,0.0,0.003068524142828339,0.0007493119227779781
143,0.5273999691009521,0.0007999420166015625,0.9780130293159609,0.9942994766273511,0.001,"(30, 30)",15,"{'NN__hidden_layer_sizes': (30, 30), 'pca__n_components': 15, 'NN__alpha': 0.001}",23,0.9695121951219512,0.9938900203665988,0.9878048780487805,0.9938900203665988,0.9775967413441955,0.9933842239185751,0.9755600814663951,0.9949109414758269,0.9795918367346939,0.9954221770091557,0.13734713854732705,0.00039997100830078123,0.005951346171933461,0.0007493119227779781
144,0.3597999572753906,0.0006000041961669922,0.9702768729641694,0.9942994766273511,0.001,"(30, 30)",17,"{'NN__hidden_layer_sizes': (30, 30), 'pca__n_components': 17, 'NN__alpha': 0.001}",120,0.967479674796748,0.9938900203665988,0.983739837398374,0.9938900203665988,0.9796334012219959,0.9933842239185751,0.9653767820773931,0.9949109414758269,0.9551020408163265,0.9954221770091557,0.07325687301633566,0.0004899013824479931,0.010301521521869752,0.0007493119227779781
145,0.37619996070861816,0.0007999897003173828,0.9706840390879479,0.9942994766273511,0.001,"(30, 30)",20,"{'NN__hidden_layer_sizes': (30, 30), 'pca__n_components': 20, 'NN__alpha': 0.001}",119,0.967479674796748,0.9938900203665988,0.9878048780487805,0.9938900203665988,0.9653767820773931,0.9933842239185751,0.9674134419551935,0.9949109414758269,0.9653061224489796,0.9954221770091557,0.10372155601538419,0.0003999948608169695,0.00862072490141057,0.0007493119227779781
146,0.3578000068664551,0.00039997100830078123,0.9747557003257329,0.9942994766273511,0.001,"(30, 30)",24,"{'NN__hidden_layer_sizes': (30, 30), 'pca__n_components': 24, 'NN__alpha': 0.001}",71,0.9776422764227642,0.9938900203665988,0.9817073170731707,0.9938900203665988,0.9775967413441955,0.9933842239185751,0.9633401221995926,0.9949109414758269,0.9734693877551021,0.9954221770091557,0.07610364448556843,0.0004898624411217046,0.006272650509816623,0.0007493119227779781
147,0.4215999603271484,0.0005999565124511719,0.9747557003257329,0.9942994766273511,0.001,"(30, 30)",26,"{'NN__hidden_layer_sizes': (30, 30), 'pca__n_components': 26, 'NN__alpha': 0.001}",71,0.975609756097561,0.9938900203665988,0.9857723577235772,0.9938900203665988,0.9714867617107943,0.9933842239185751,0.9694501018329938,0.9949109414758269,0.9714285714285714,0.9954221770091557,0.15355207929629616,0.0004898624411217046,0.005867832155009569,0.0007493119227779781
148,0.3895999908447266,0.0006000041961669922,0.9747557003257329,0.9942994766273511,0.001,"(30, 30)",28,"{'NN__hidden_layer_sizes': (30, 30), 'pca__n_components': 28, 'NN__alpha': 0.001}",71,0.9634146341463414,0.9938900203665988,0.9857723577235772,0.9938900203665988,0.9837067209775967,0.9933842239185751,0.9674134419551935,0.9949109414758269,0.9734693877551021,0.9954221770091557,0.08799677519186376,0.0004899013824479931,0.00878657135329831,0.0007493119227779781
149,0.5880000114440918,0.0005999565124511719,0.9792345276872965,0.9942994766273511,0.001,"(30, 30)",30,"{'NN__hidden_layer_sizes': (30, 30), 'pca__n_components': 30, 'NN__alpha': 0.001}",9,0.9796747967479674,0.9938900203665988,0.9857723577235772,0.9938900203665988,0.9755600814663951,0.9933842239185751,0.9796334012219959,0.9949109414758269,0.9755102040816327,0.9954221770091557,0.22889733006100374,0.0004898624411217046,0.00375496423378857,0.0007493119227779781
